Sample,Seq_ID,CrocID,Longitude,Latitude,Capture_Date,Monitoring.Unit,Abbrv_Monitoring.Unit,Subdivision,Water Temp (C),Air Temp (C),Salinity (ppt),pH,Morph_Species,Size Class,Sex,HL (cm),SL (cm),CW (cm),MAX W (cm),PMax W (cm),POb L (cm),POb W (cm),TL (cm),SVL (cm),TW (cm),HF (cm),Weight (kg),Paratrichosoma,Tail Condition,Skin Condition,Musculature Condition,Teeth Condition,Skeletal Structure,Nuchal Photo,Post-Occiptal,Nuchal Scutes,Post-Occipital/Nuchal Pattern,Tansverse Rows,Double Whorls,Single Whorls,Notes,Wounds
CA.P1G1.NBDW,HS_P1_G1,CA949,NA,NA,8/1/19,North Belize District Watershed,NBDW,Belize District,NA,NA,0,NA,CA,SA,F,22.86,15.24,8.89,7.62,5.33,6.99,4.83,157.48,76.7,35.6,13.3,8.2,1,NA,Good,Good,Fine,Good,y,N,15,A (2 irregular L),A (16),M (18),M (18),Tail pattern 4 irregular Morelets; Released Sapodilla Lagoon; Microchip: 981020023452852-981,Rehab croc
CM.P1A10.NRW,HS_P1_A10,CM1630,-88.6,18.1,2/10/18,New River Watershed,NRW,Orange Walk District,29,25.8,0,8.15,CM,J,M,4,5.5,4.5,3.5,2,NA,NA,61,29.5,10.5,5,NA,1,Medium,"Slight flaking, algae on most of body",Back legs not firm,"Very large teeth, some good, others are glassy",Good,NA,NA,NA,NA,NA,NA,NA,NA,NA
CM.P1A11.NRW,HS_P1_A11,CM-HATCH4,-88.6,18.1,2/10/18,New River Watershed,NRW,Orange Walk District,28.9,25.3,0,7.82,CM,H,M,4.1,2,2.1,1.4,1,NA,NA,28.1,13.8,5,2.8,NA,0,Good,Good,Good,Glassy,Good,NA,NA,NA,NA,NA,NA,NA,NA,NA
CM.P1B10.NRW,HS_P1_B10,CM1631,-88.6,18.1,2/10/18,New River Watershed,NRW,Orange Walk District,28.8,26.2,0,7.98,CM,A,F,27.6,18.1,12,10.5,7.7,10.7,5,185,92.4,41.2,15.8,NA,1,Healthy,Around snout sloughing off,Good,"Fair, clear, not brittle",Good,NA,NA,NA,NA,NA,NA,NA,2 leeches right hind leg,NA
CM.P1B3.NRW,HS_P1_B3,CM1612,-88.7,17.7,15/07/2018,New River Watershed,NRW,Orange Walk District,27.7,26,0,7.46,CM,SA,F,15.5,9.7,7.2,5.5,4.1,NA,NA,112.5,53.7,22.5,9.8,4.5,1,NA,NA,NA,NA,NA,NA,NA,NA,NA,NA,NA,NA,NA,NA
CM.P1C1.NRW,HS_P1_C1,CM-11,-88.6,18.1,27/11/2018,New River Watershed,NRW,Orange Walk District,26.9,24.6,0,8.2,CM,H,NA,5.5,2.7,3.2,2.1,1.6,NA,NA,35.1,16.5,5.4,3,NA,0,Thin,Good,Thin,Good,Good,NA,NA,NA,NA,NA,NA,NA,NA,NA
CM.P1C10.NRW,HS_P1_C10,CM1632,-88.6,18.1,2/10/18,New River Watershed,NRW,Orange Walk District,28.9,24.2,0,7.98,CM,SA,F,21.9,14,8.7,7.7,5.6,5.9,3,147.5,73,28,12,NA,1,Medium,"White around nostrils and eyes, skin sloughing off tail, nuchal scutes, mainly dorsal",Skinny,"Clear, not brittle, grey","Scapula visible, slight curve in spine",NA,NA,NA,NA,NA,NA,NA,NA,NA
CM.P1D1.NRW,HS_P1_D1,CM_D,-88.3,17.6,31/03/2013,Belize River Watershed,BRW,Belize District,NA,NA,0,NA,CM,A,M,24,15.8,NA,NA,NA,NA,NA,175,84.6,NA,NA,NA,0,NA,NA,NA,NA,NA,NA,NA,NA,NA,NA,NA,NA,NA,NA
CM.P1D10.NRW,HS_P1_D10,CM1633,-88.6,18.1,2/10/18,New River Watershed,NRW,Orange Walk District,28.9,25.3,0,7.82,CM,SA,F,19.5,11.7,8.6,6.8,5.2,4,3.5,122.7,61.7,25.1,10.9,NA,0,Healthy,Good,Good,Clear,Slight shoulder prominence,NA,NA,NA,NA,NA,NA,NA,NA,Break in tail.
CM.P1D3.NRW,HS_P1_D3,CM1614,-88.6,18.1,27/11/2018,New River Watershed,NRW,Orange Walk District,27.8,24.5,0,8.4,CM,J,M,9.5,6,4.5,3.2,2.3,NA,NA,58.7,27.5,10.4,5.6,0.4,1,Good,Good w/ algae,Good,Grey/clear,Good,NA,NA,NA,NA,NA,NA,NA,NA,NA
CM.P1D9.NRW,HS_P1_D9,CM1616B,-88.6,17.9,9/5/19,New River Watershed,NRW,Orange Walk District,29.9,27.8,0,NA,CM,A,M,26,17,9.3,8.1,5.8,8,3.8,180,89.8,30.5,13.3,NA,1,Good,Great,Good,Glassy/strong,Great,Y,M,M,NA,15,18,18,Para on neck and belly,NA
CM.P1E10.NRW,HS_P1_E10,CM1634,-88.6,18.1,2/10/18,New River Watershed,NRW,Orange Walk District,28.9,25.3,0,7.82,CM,A,F,23.4,16.6,9.3,8.7,6,6.5,3.1,161.6,78.9,34.5,11.3,NA,0,Good,Good,Good,"Large clear, glassy, some white","Good, prominent scapula",NA,NA,NA,NA,NA,NA,NA,"2 leeches left hind foot, prominent 5th max tooth bumps, large false nostrils",NA
CM.P1F10.NRW,HS_P1_F10,CM1635,-88.6,18.1,2/10/18,New River Watershed,NRW,Orange Walk District,28.9,25.3,0,7.82,CM,J,F,8.7,4.9,1,3,1.6,2,1.9,60,28.2,10,4.3,NA,0,Good,Good,Good,glassy clear,Good,NA,NA,NA,NA,NA,NA,NA,NA,NA
CM.P1G10.NRW,HS_P1_G10,CM-HATCH3,-88.6,18.1,2/10/18,New River Watershed,NRW,Orange Walk District,28.9,25.3,0,7.82,CM,H,F,4.1,2,2,1.7,0.9,NA,NA,29,14.6,5.9,2.6,NA,0,Skinny,Good,"Poor, skinny",Glassy,Good,NA,NA,NA,NA,NA,NA,NA,NA,NA
CM.P1H10.NRW,HS_P1_H10,CM-HATCH1,-88.6,18.1,27/11/2018,New River Watershed,NRW,Orange Walk District,27.8,24.5,0,8.2,CM,H,NA,5.2,2.3,3.1,2.2,1.4,NA,NA,30.3,14.4,4.8,2.8,NA,0,Skinny,Good,Thin,Glassy grey,Good,NA,NA,NA,NA,NA,NA,NA,NA,NA
CM.P1H9.NRW,HS_P1_H9,CM1621,-88.6,18.1,9/5/19,New River Watershed,NRW,Orange Walk District,28.9,26.6,0,NA,CM,J,NA,9.5,5.5,3.8,2.8,2,NA,NA,64.5,30.6,11.6,5.1,0.64,1,Fair,"Good, blue tint, algae",Fair,Fair,Good,Y,M,M,NA,15,18,20,Para on belly,NA
CM.P2A10.NRW,HS_P2_A10,CM801,-88.3,17.6,30/03/2014,Belize River Watershed,BRW,Belize District,NA,NA,0,NA,CM,A,M,29.5,19.8,NA,NA,NA,NA,NA,234.9,111.2,NA,NA,NA,0,NA,NA,NA,NA,NA,NA,NA,NA,NA,NA,NA,NA,NA,NA
CM.P2A12.NRW,HS_P2_A12,CM1081,-88.5,18.1,14/01/2020,New River Watershed,NRW,Orange Walk District,27.1,24,0,NA,CM,J,F,12.3,7.4,4.8,3.8,2.4,4.1,1.6,82,38.5,15.6,7.3,1.24,1,Excellent,Good,Excellent,Good,Excellent,Y,A,A/M,NA,16,18,20,Exterl parasites and skin is falling off.; MC: 981020023307342-981-1,NA
CM.P2B10.NRW,HS_P2_B10,CM802,-88.3,17.6,30/03/2014,Belize River Watershed,BRW,Belize District,NA,NA,0,NA,CM,A,F,31,21,NA,NA,NA,NA,NA,241.4,115.9,NA,NA,NA,0,NA,NA,NA,NA,NA,NA,NA,NA,NA,NA,NA,NA,NA,NA
CM.P2C10.NRW,HS_P2_C10,CM_7A,-88.3,17.6,31/03/2013,Belize River Watershed,BRW,Belize District,NA,NA,0,NA,CM,A,M,19.5,30.6,NA,NA,NA,NA,NA,205.5,100,NA,NA,NA,0,NA,NA,NA,NA,NA,NA,NA,NA,NA,NA,NA,NA,Wild caught in shrimp farm; OAO2093963,healthy
CM.P2C6.NRW,HS_P2_C6,CM-12/13A,-88.6,17.9,9/5/19,New River Watershed,NRW,Orange Walk District,30,27.7,0,NA,CM,H,NA,7,4,2.9,2,1.4,NA,NA,45.6,22.3,7.8,4,0.22,0,Great,Good,Great,Good,Great,Y,M,M,NA,15,18,21,NA,NA
CM.P2D10.NRW,HS_P2_D10,CM_3B,-88.3,17.6,31/03/2013,Belize River Watershed,BRW,Belize District,NA,NA,0,NA,CM,A,M,24.2,15.8,NA,NA,NA,NA,NA,172,80.3,NA,NA,NA,0,NA,NA,NA,NA,NA,NA,NA,NA,NA,NA,NA,NA,Crocland rescue; tag: 0A01550419,healthy
CM.P2D6.NA,HS_P2_D6,CMWW,NA,NA,16/04/2019,NA,NA,NA,NA,NA,0,NA,CM,A,M,39.9,25.4,15.9,14.4,10,13,4.5,271,128,56.4,23,63.5,0,Fair,"peeling, on tail-whitish peeling","weak, some muscle loss on limbs","grayish, trnasparent, lost teeth in premax",strong,Y,M,A,NA,M,M(17),M(21),VENTRAL TAIL: M (5);,"emaciated, scapula and spine showing bulging abdomen, lethargic semi-struggled, skin peeling<c9>died"
CM.P2E10.NRW,HS_P2_E10,CM_2C,-88.3,17.6,31/03/2013,Belize River Watershed,BRW,Belize District,NA,NA,0,NA,CM,A,M,15.5,24,NA,NA,NA,NA,NA,174,88,NA,NA,NA,0,NA,NA,NA,NA,NA,NA,NA,NA,NA,NA,NA,NA,Crocland rescue; tag: 0A01556914,healthy
CM.P2F10.NRW,HS_P2_F10,CM_6E,-88.3,17.6,31/03/2013,Belize River Watershed,BRW,Belize District,NA,NA,0,NA,CM,A,F,24.5,16,NA,NA,NA,NA,NA,172,85.5,NA,NA,NA,0,NA,NA,NA,NA,NA,NA,NA,NA,NA,NA,NA,NA,Nuisance croc eating shrimp captured by ACES (listed as CA); MC: 0A01731772,healthy
CM.P2G6.NRW,HS_P2_G6,CMGPS1756HH,-88.5,18,9/5/19,New River Watershed,NRW,Orange Walk District,40,26.1,0,NA,CM,H,NA,6.5,3.4,2.7,2.2,1.5,NA,NA,37.8,19.5,5.7,3.5,0.1,0,Fair,Fair,Fair,Good,Good,Y,M,A/M,NA,15,17,20,NA,NA
CM.P2G9.NRW,HS_P2_G9,CM-12/13B,-88.6,18,9/5/19,New River Watershed,NRW,Orange Walk District,31.3,27.3,0,NA,CM,H,NA,6.4,3.6,2.5,2,1.3,NA,NA,39.1,18.9,6,3.4,0.12,0,Fair,"Good, algae, some blue tint",Fair,Good,Good,Y,M,M,NA,15,17,20,NA,NA
CM.P2H11.NRW,HS_P2_H11,CM1080,-88.5,18.1,14/01/2020,New River Watershed,NRW,Orange Walk District,NA,24.7,0,NA,CM,A,F,29.8,16.5,10.3,8.9,5.6,8,5.4,176,85.5,37.6,16.5,NA,0,GOOD,Poor,GOOD,Good,Excellent,Y,A,M,NA,16,17,18,Fully black; some white spots. Breeding pair; 7ft male seen nearby; MC: 981020023457739-981-6,NA
CM.P2H9.NRW,HS_P2_H9,CM800,-88.3,17.6,30/03/2014,Belize River Watershed,BRW,Belize District,NA,NA,0,NA,CM,A,M,23.9,14.8,NA,NA,NA,NA,NA,179.3,85,NA,NA,NA,1,NA,NA,NA,NA,NA,NA,NA,NA,NA,NA,NA,NA,Leviatan,NA
CM.P3A7.CB,HS_P3_A7,CM1192,-88.3,16.8,12/12/20,Cockscomb Basin,CB,Stann Creek District,NA,NA,0,NA,CM,J,F,14.6,8.9,5.8,5,3.1,4.1,2.8,98,49.2,19.7,8.6,2.53,1,GOOD,POOR,GOOD,GOOD,GOOD,Y,NA,M,NA,16,17,16,"""Billy White"" croc",Nubbed claws
CM.P3B6.NRW,HS_P3_B6,CM1324,-88.6,18,22/11/2019,New River Watershed,NRW,Orange Walk District,NA,NA,0,NA,CM,SA,F,20.9,30.2,7.9,6.8,4.6,9.9,4.4,143,72,30,13,NA,0,GOOD,GOOD,GOOD,Good,GOOD,Y,M,M,NA,15,17,19,"Captured from OW savanh and relocated to New River; 981020023291735-981-5, battery died",NA
CM.P3C3.NRW,HS_P3_C3,CM-11/12B,-88.6,18,23/01/2020,New River Watershed,NRW,Orange Walk District,25,21.5,0,8.4,CM,H,NA,5.9,2.8,3.1,1.8,1.3,2.8,0.7,38.6,18.6,6.7,3.5,NA,0,Excellent,Good,Excellent,Excellent,Excellent,Y,M,M,NA,16,17,19,NA,N
CM.P3C6.NRW,HS_P3_C6,CM1643,-88.6,18,10/7/20,New River Watershed,NRW,Orange Walk District,NA,NA,0,NA,CM,SA,M,18.9,12.1,7,5.2,3.8,8,3.4,128,64.1,25,11.1,5.32,0,Excellent,Fair,Good,Excellent,Good,Y,NA,M,M,16,17,20,BSI request on removing crocs in polluted tank. (Name: Pigpen),No wounds. Whitish skin (Tail & limbs)
CM.P3C8.CB,HS_P3_C8,CM1186-TORNILLA,-88.4,16.6,26/11/2020,Cockscomb Basin,CB,Stann Creek District,NA,NA,0,NA,CM,SA,F,15.3,9.1,5.9,4.4,3.3,4.6,2.9,101.4,46.8,20,9.3,3.07,0,Good,Fair,Good,Fair,Good,NA,NA,M,M,16,18,18,Gotten from bze city. rehabbed at BWRC for 4 months then released by CRC; Name: Tornilla,NA
CM.P3D6.RHW,HS_P3_D6,CM1096,-88.6,18.2,6/5/20,Rio Hondo Watershed,RHW,Orange Walk District,NA,NA,0,NA,CM,A,M,24,15.8,11.2,9.1,6.3,8.5,5.6,173,86.8,35.4,15,NA,0,GOOD,GOOD,GOOD,FAIR - GLASSY,GOOD,Y,NA,M,NA,16,17,20,Captured in Orange Walk Town and translocated to douglas rio hondo,Healed puncture on abdomen
CM.P3F1.RHW,HS_P3_F1,CM1095,-88.6,18.2,27/03/2020,Rio Hondo Watershed,RHW,Orange Walk District,NA,NA,0,NA,CM,J,M,9.8,5.6,4.8,3.1,2,3.3,2.3,64.5,30.8,10.6,5.4,0.5,1,good,Fair,Good,Fair,Good,Y,M,M,NA,16,17,20,"Captured in Ow town, relocated in Rio Hondo San roman",NA
CM.P4D1.NSLW,HS_P4_D1,CM-Hatch,-88.3,17.3,11/8/18,N/S Lagoon Watershed,NSLW,Belize District,30,28.5,0,NA,CM,H,NA,5.4,3.2,3.2,1.8,1.2,NA,NA,33.1,16.6,NA,NA,NA,0,NA,NA,NA,NA,NA,NA,NA,NA,NA,NA,NA,NA,NA,N
CM.P4E1.CB,HS_P4_E1,CM1179,-88.3,16.8,3/7/18,Cockscomb Basin,CB,Stann Creek District,30.2,28.2,0,7.03,CM,H,M,7.1,4.1,3.6,2.3,1.8,NA,NA,42.8,20.8,7.2,4.4,<0.5,0,NA,NA,NA,NA,NA,NA,NA,NA,NA,NA,NA,NA,Too small for blood,N
CM.P4F1.CB,HS_P4_F1,CM1181,-88.3,16.8,3/7/18,Cockscomb Basin,CB,Stann Creek District,28.9,27.2,0,6.94,CM,J,M,12.9,7.4,5.7,4.2,2.9,6.2,2.2,82.9,39.7,15.9,8.1,3.6,0,NA,NA,NA,NA,NA,NA,NA,NA,NA,NA,NA,NA,NA,N
CM.P4G1.CB,HS_P4_G1,CM1182,-88.3,16.8,3/7/18,Cockscomb Basin,CB,Stann Creek District,30.2,25,0,6.95,CM,J,M,9.5,5.5,4.6,3.3,2.9,4.2,1.8,62.4,28.9,10,5.4,0.9,0,NA,NA,NA,NA,NA,NA,NA,NA,NA,NA,NA,NA,Vocalized and larger croc 20m away called back,N
CM.P4H2.NRW,HS_P4_H2,CM1610,-88.7,17.6,12/7/18,New River Watershed,NRW,Orange Walk District,30.4,26.3,0,7.18,CM,A,M,31.4,21.2,13.5,12.2,8.2,14.6,6.7,223,100.3,45.9,18.8,NA,1,NA,NA,NA,NA,NA,NA,NA,NA,NA,NA,NA,NA,Genetalia pic,Broken bone in abdomen but healed. Scar on right side of tail
CM.PC6.NRW,HS_PC_6,CM1611B,-88.7,17.6,12/7/18,New River Watershed,NRW,Orange Walk District,29.6,23.5,0,7.39,CM,A,M,28,18.3,12.4,10.2,6.8,12.5,3,199.8,93.7,44.5,15.1,NA,1,NA,NA,NA,NA,NA,NA,NA,NA,NA,NA,NA,NA,NA,Scar on tail
CM.PC7.NRW,HS_PC_7,CM1613,-88.7,17.6,15/07/2018,New River Watershed,NRW,Orange Walk District,30.2,26.1,0,7.55,CM,A,M,35.6,22.8,16.2,16.2,8.1,12.2,5.2,257.7,126,57.9,20.5,NA,0,NA,NA,NA,NA,NA,NA,NA,NA,NA,NA,NA,NA,NA,Bite marks on tail and back
CM.PC8.NRW,HS_PC_8,CM1620,-88.7,17.6,12/7/18,New River Watershed,NRW,Orange Walk District,30.3,26.2,0,7.45,CM,SA,M,27.4,18.2,11.5,10,6.3,12,4.1,140.5,89.5,41.5,15.4,NA,0,NA,NA,NA,NA,NA,NA,NA,NA,NA,NA,NA,NA,NA,Missing all single row of tail
HY.P1A1.NA,HS_P1_A1,CM_RICK,NA,NA,15/10/2017,NA,NA,NA,NA,NA,0,NA,HY,SA,M,19.9,12.8,8.8,6.9,4.7,9.7,4,126.4,59.1,21.3,10.9,5.4,1,NA,NA,NA,NA,NA,NA,NA,NA,NA,NA,NA,NA,"rehab croc; emaciated, curvature in spine pronounced, right nictating membrane cloudy, very feisty, curvature in spine looks like poor husbandry",died
HY.P1A2.NTW,HS_P1_A2,HY924,-88.6,16.4,19/06/2018,Northern Toledo Watershed,NTW,Toledo District,NA,NA,0,NA,HY,SA,F,24,16.5,9.5,9.5,5.5,13,4.5,152,78,38,10.5,16.3,0,NA,NA,NA,NA,NA,NA,NA,NA,NA,NA,NA,NA,Blood glucose syringe: 4.9; clip: 4.3,N
HY.P1F4.CB,HS_P1_F4,HY975,-88.3,16.8,19/06/2018,Cockscomb Basin,CB,Stann Creek District,33.6,27.8,0,NA,HY,SA,F,15.9,9.4,6.6,4.9,3.5,4,3.4,109.5,51.9,23.5,9.8,NA,1,NA,NA,NA,NA,NA,NA,NA,NA,NA,NA,NA,NA,Pictures 100-2543/-2578,N
HY.P1F9.NRW,HS_P1_F9,HY1619,-88.6,18.1,9/5/19,New River Watershed,NRW,Orange Walk District,29.2,27.4,0,NA,HY,A,M,23.1,15,8.5,7.5,5,7,4,156,74.1,30.5,13.6,5.2,1,Good,Blue tint,Good,Glassy,Good,Y,A,A,NA,15,19,20,NA,NA
HY.P1G3.NRW,HS_P1_G3,HY1617A,-88.6,18,9/5/19,New River Watershed,NRW,Orange Walk District,29.7,28.1,0,NA,HY,SA,F,14.4,9.3,6.7,4.8,2.6,4.2,1.7,101.3,51.4,18.8,7.8,2.42,1,Great,Good,Great,Good,Great,Y,A,A,NA,15,18,18,NA,NA
HY.P1H3.NRW,HS_P1_H3,HY1618a,-88.6,18,9/5/19,New River Watershed,NRW,Orange Walk District,30.7,27.4,0,NA,HY,SA,F,18,11.1,6.8,6.6,3.9,4.9,3,121.3,61,23.3,11,4.78,1,Good,"Fair, Blue flaky",Fair,Fair/glassy,Great,Y,A,A/M,NA,15,18,22,NA,NA
HY.P2B11.CB,HS_P2_B11,HY916,-88.4,16.6,8/9/19,Cockscomb Basin,CB,Stann Creek District,30.4,28.4,0,NA,HY,H,NA,5.1,2.5,2.4,1.4,1.1,1.4,0.5,32.6,15.9,5.9,3,0.1,0,GOOD,EXCELLENT,FAIR,EXCELLENT,EXCELLENT,Y,A,A,NA,16,17,18,; POS: 2,Y
HY.P2C9.CB,HS_P2_C9,HY-BAL-H3,-88.4,16.6,6/7/19,Cockscomb Basin,CB,Stann Creek District,29.6,26.5,0,7,HY,H,NA,5.1,2.3,2.1,1.6,1.2,NA,NA,31,15.4,6,2.7,0.12,0,Excellent,Excellent,Excellent,Excellent,Excellent,Y,A,A/M,"2L, 2R, 2, 2, 2",15,16,20,NA,Y
HY.P2D11.RHW,HS_P2_D11,HY976,-88.6,18.2,3/3/20,Rio Hondo Watershed,RHW,Orange Walk District,NA,NA,0,NA,HY,SA,F,20.7,13,9.8,7,4.6,8,4.6,124,69.5,32,12.4,25,1,excellent,Excellent,Excellent,Excellent,Excellent,Y,A,A,NA,17,18,20,Captured in Consejo shores (18.46349 - 88.301019) and translocted to Douglas Rio Hondo,NA
HY.P3B2.NRW,HS_P3_B2,HY1615,-88.6,17.9,9/5/19,New River Watershed,NRW,Orange Walk District,29.7,26.9,0,NA,HY,SA,F,19,11.8,7.2,6.4,4.4,5.6,3.3,113,62.5,29,11.8,6.4,1,Good,Great,Fair,Grey/strong,Great,Y,M,A,NA,15,19,20,Para on belly,NA
HY.P3C5.NRW,HS_P3_C5,HY_H2_14_15,-88.5,18.1,14/01/2020,New River Watershed,NRW,Orange Walk District,27.1,24,0,NA,HY,H,NA,5.8,2.8,2.5,1.8,1.2,1,1,38.4,18.6,6.1,3.5,0.12,0,GOOD,Good,Good,Good,Excellent,Y,NA,M,NA,16 A,17,20,NA,NA
HY.P3G11.NSLW,HS_P3_G11,HY942,-88.3,17.2,12/8/18,N/S Lagoon Watershed,NSLW,Belize District,29.2,27.4,0,NA,HY,SA,M,21,13.4,8,7.8,5.2,10.5,3,137.2,68.6,11.3,29.1,8.6,1,NA,NA,NA,NA,NA,NA,NA,NA,NA,NA,NA,NA,NA,N
HY.P3H4.NRW,HS_P3_H4,HY_H1_14_15,-88.5,18.1,14/01/2020,New River Watershed,NRW,Orange Walk District,26.4,26.4,0,8.4,HY,H,NA,5.8,2.8,2.5,2,1.3,1.8,1.1,39.3,18.4,6.4,3.3,0.12,0,GOOD,Excellent,GOOD,Good,Excellent,y,NA,NA,M,16 M,18 M,18M,NA,NA
HY.P3H6.CB,HS_P3_H6,HY901,-88.4,16.6,17/06/2020,Cockscomb Basin,CB,Stann Creek District,NA,NA,0,NA,HY,SA,M,18.1,12,7.2,5.8,3.8,6,3.5,128,61.4,26.3,11,10.2,0,26.3/ Excellent,Good,Good,Good,Good,Y,A,A,A,16,18,20,Was picked up at Bze city and brought to placencia lagoon; NAME: Jimjanjay,Minor Scrapes
MCA.P1A7.CB,HS_P1_A7,MCA-H2A,-88.4,16.6,30/06/2018,Cockscomb Basin,CB,Stann Creek District,29.6,27.3,0,6.26,MCA,H,NA,4.7,2.1,3.1,1.8,1.2,0.8,0.3,31,13.2,6.1,2.1,NA,0,NA,NA,NA,NA,NA,NA,NA,NA,NA,NA,NA,NA,NA,NA
MCA.P1B11.NRW,HS_P1_B11,MCA-HATCH2,-88.6,18.1,2/10/18,New River Watershed,NRW,Orange Walk District,29,25.8,0,8.15,MCA,H,M,5.5,2.7,2,2,1.4,NA,NA,35.3,16.6,5.6,3.4,NA,0,Healthy,Good,Legs ok,Good,Good,NA,NA,NA,NA,NA,NA,NA,NA,NA
MCA.P1B7.CB,HS_P1_B7,MCA-H2B,-88.4,16.6,30/06/2018,Cockscomb Basin,CB,Stann Creek District,29.6,27.3,0,6.26,MCA,H,M,4.9,2.2,2.8,1.8,1.1,0.7,0.3,29.1,14,6.1,2.4,NA,0,NA,NA,NA,NA,NA,NA,NA,NA,NA,NA,NA,NA,NA,NA
MCA.P1C11.NRW,HS_P1_C11,MCA_HATCH5,-88.6,18.1,2/10/18,New River Watershed,NRW,Orange Walk District,29,25.8,0,8.15,MCA,H,M,5.2,2.5,2.1,1.7,1.2,NA,NA,33.4,16,5.2,3.1,NA,0,Skinny,Little flaking on tail,"Back legs not firm, skinny",Good,Good,NA,NA,NA,NA,NA,NA,NA,NA,NA
MCA.P1C6.NTW,HS_P1_C6,MCA923B,-88.6,16.4,19/06/2018,Northern Toledo Watershed,NTW,Toledo District,NA,NA,0,NA,MCA,J,M,8.1,4.5,3.7,2.5,1.6,3.6,1.7,49.4,24.6,9.4,3.9,0.5,0,NA,NA,NA,NA,NA,NA,NA,NA,NA,NA,NA,NA,Blood glucose syringe: 3.1; clip: 4.8,N
MCA.P1C7.CB,HS_P1_C7,MCA-H2C,-88.4,16.6,30/06/2018,Cockscomb Basin,CB,Stann Creek District,29.6,27.3,0,6.26,MCA,H,NA,4.5,2,2.6,1.5,0.9,0.6,0.3,28.5,13.4,6.8,2.4,NA,0,NA,NA,NA,NA,NA,NA,NA,NA,NA,NA,NA,NA,NA,NA
MCA.P1D5.BRW,HS_P1_D5,MCA910B,-88.5,17.5,18/06/2017,Belize River Watershed,BRW,Belize District,26.3,23.1,0,NA,MCA,J,NA,9.8,5.8,5,3.4,2.6,NA,NA,56.1,26.9,9.8,5.4,NA,0,NA,NA,NA,NA,NA,NA,NA,NA,NA,NA,NA,NA,No hardcopy sheets,N
MCA.P1D7.CB,HS_P1_D7,MCA-H2D,-88.4,16.6,30/06/2018,Cockscomb Basin,CB,Stann Creek District,29.6,27.3,0,6.26,MCA,H,NA,4.9,2.1,3,2.6,1.1,0.8,0.2,28.1,13.3,6,2.8,NA,0,NA,NA,NA,NA,NA,NA,NA,NA,NA,NA,NA,NA,NA,NA
MCA.P1E7.CB,HS_P1_E7,MCA-H2E,-88.4,16.6,30/06/2018,Cockscomb Basin,CB,Stann Creek District,29.6,27.3,0,6.26,MCA,H,M,4.7,2.2,2.9,1.8,1.3,NA,NA,29.5,13.5,6,2.5,NA,0,NA,NA,NA,NA,NA,NA,NA,NA,NA,NA,NA,NA,NA,NA
MCA.P1F7.BC,HS_P1_F7,MCA900,-88.3,17.6,30/03/2014,Belize River Watershed,BRW,Belize District,NA,NA,0,NA,MCA,A,M,45,31.4,NA,NA,NA,NA,NA,307,NA,NA,NA,NA,0,NA,NA,NA,NA,NA,NA,NA,NA,NA,NA,NA,NA,0A02210345; Libor,NA
MCA.P1H8.BRW,HS_P1_H8,MCA917,-88.5,17.5,18/06/2017,Belize River Watershed,BRW,Belize District,25.4,22.8,0,NA,MCA,J,NA,9.7,5.5,4.5,3.8,3,NA,NA,60.6,28.9,11.9,5.2,0.9,0,NA,NA,NA,NA,NA,NA,NA,NA,NA,NA,NA,NA,NA,N
MCA.P2A9.CB,HS_P2_A9,MCA-BAL-H1,-88.4,16.6,6/7/19,Cockscomb Basin,CB,Stann Creek District,29.6,26.5,0,7,MCA,H,NA,5.1,2.3,2,1.5,1.1,NA,NA,31.5,15.5,6.1,2.8,NA,0,Excellent,Excellent,Excellent,Excellent,Excellent,Y,A,A,NA,NA,NA,NA,NA,Y
MCA.P2B9.CB,HS_P2_B9,MCA-BAL-H2,-88.4,16.6,6/7/19,Cockscomb Basin,CB,Stann Creek District,29.6,26.5,0,7,MCA,H,NA,5,2.5,2,1.5,1.2,NA,NA,31.9,16,6.2,2.7,0.12,0,Excellent,Excellent,Excellent,Excellent,Excellent,Y,A,A,"2L 2R, 4, 2",15,17,18,NA,Y
MCA.P3B11.CB,HS_P3_B11,MCA930A,-88.4,16.6,13/06/2017,Cockscomb Basin,CB,Stann Creek District,27,25.7,0,NA,MCA,J,NA,11.1,6.8,4.9,4.5,2.7,NA,NA,70.1,34.2,12.8,5.5,0.9,0,NA,NA,NA,NA,NA,NA,NA,NA,NA,NA,NA,NA,NA,NA
CM.P2D12.NRW,HS_P2_D12,CM1084,-88.5,18.2,24/01/2020,New River Watershed,NRW,Orange Walk District,26.2,23.3,1,8.3,CM,J,NA,10,5.6,4.7,2.9,1.9,3.1,1.8,62.8,30,10.7,5.9,0.46,1,Good,Excellent,Good,Excellent,Excellent,Y,M,M,NA,16,18,19,NA,NA
CM.P3F8.CB,HS_P3_F8,CM-HATCH-13-77,-88.3,16.8,27/11/2020,Cockscomb Basin,CB,Stann Creek District,24.6,24.6,1,NA,CM,H,M,6,3.1,2.2,1.8,1.3,NA,NA,39.5,18.7,7.5,3.4,0.145,0,GOOD,Excellent,EXCELLENT,EXCELLENT,EXCELLENT,Y,M,M,M,16,18,20,NA,NA
CM.P3G6.CB,HS_P3_G6,CM1187,-88.3,16.8,27/11/2020,Cockscomb Basin,CB,Stann Creek District,24.9,24.8,1,NA,CM,H,M,6.8,3.5,2.4,1.9,1.4,1.5,1.4,45,22.6,8.8,3.7,0.6,0,Excellent,Excellent,EXCELLENT,Good,EXCELLENT,Y,NA,M,NA,16,18,19,NA,NA
CM.P3G8.CB,HS_P3_G8,CM-HATCH78,-88.3,16.8,27/11/2020,Cockscomb Basin,CB,Stann Creek District,24.6,24.6,1,NA,CM,H,M,5.5,2.5,2.4,1.9,1.4,NA,NA,34.7,16.8,6.1,3.1,0.095,0,GOOD,Good,GOOD,Good,Good,Y,M,M,M,16,18,17,NA,NA
CM.P3H2.NRW,HS_P3_H2,CM12/11,-88.6,17.9,23/09/2019,New River Watershed,NRW,Orange Walk District,32.1,27.4,1,9.1,CM,H,NA,5,2.1,2.3,1.7,1.2,1.3,0.8,31.5,15.3,5.1,3.9,0.06,0,NA,Excellent,Good,Excellent,Excellent,N,M,A,NA,16,16,21,little skinny,NA
HY.P3H5.BRW,HS_P3_H5,HY978,-88.4,16.6,14/10/2020,Belize River Watershed,BRW,Belize District,NA,NA,1,NA,HY,SA,M,17.2,10.4,6.6,5.6,3.9,4.9,3.9,116.5,55.5,24.5,9.6,4.79,1,Good,GOOD,GOOD,GOOD,GOOD,NA,NA,NA,M,16,18,20,Name: Lee; Captured in ladyville Parrot st and relocated in placencia lagoon,N
CM.P2E12.NRW,HS_P2_E12,CM1085,-88.5,18.1,24/01/2020,New River Watershed,NRW,Orange Walk District,25.9,22,2,8.2,CM,A,M,24.7,16.1,10.7,7.5,5.5,9,5.6,161,81.3,33.6,13.9,27,1,Good,Good,Fair,Excellent,Good,Y,M,M,NA,16,17,20,NA,NA
CM.P2G12.NRW,HS_P2_G12,CM1087,-88.5,18.2,28/02/2020,New River Watershed,NRW,Orange Walk District,27.8,23,2,8.7,CM,J,NA,13.5,8.1,6.1,4.4,2.8,3.7,2.7,92,43,16.6,7.8,1.8,1,good,Good,Good,Good,Good,Y,M,M,NA,16,17,21,NA,NA
CM.P3A3.NRW,HS_P3_A3,CM9/10A,-88.5,18.1,28/02/2020,New River Watershed,NRW,Orange Walk District,27.5,20.4,2,8.2,CM,H,NA,6.2,3,3.4,2,1.3,NA,1.1,39.2,18.7,6.5,3.1,0.12,1,fair,Excellent,Good,good,Good,Y,M,M,NA,16,17,21,NA,NA
CM.P3B1.NRW,HS_P3_B1,CM1090,-88.5,18.1,28/02/2020,New River Watershed,NRW,Orange Walk District,27.6,22.3,2,8.3,CM,J,NA,10.7,6.2,5.1,3.4,2,2.8,2.3,70.5,33.7,12.5,6,0.72,1,Good,Blue tint,Fair,Good,Good,Y,M,M,NA,16,17,20,NA,NA
CM.P3C7.CB,HS_P3_C7,CM1189,-88.3,16.8,27/11/2020,Cockscomb Basin,CB,Stann Creek District,24.9,24.8,2,NA,CM,J,F,11.7,7,4.8,3.8,2.4,3.5,2.6,77.5,38.1,15.3,6.2,1.1,1,GOOD,Good,EXCELLENT,EXCELLENT,EXCELLENT,Y,NA,M,M,16,18,17,NA,NA
CM.P3D1.NRW,HS_P3_D1,CM1092,-88.5,18.1,29/02/2020,New River Watershed,NRW,Orange Walk District,27.4,24,2,8.7,CM,J,F,11.4,6.7,4.4,3.3,2.3,3.3,1.9,74,35,13.5,7,0.9,1,good,fair - Flaky skin,Good,FAIR,Excellent,Y,M,M,NA,16,18,19,981020023308850-981,NA
CM.P3D7.CB,HS_P3_D7,CM1190,-88.3,16.8,27/11/2020,Cockscomb Basin,CB,Stann Creek District,24.9,24.1,2,NA,CM,J,F,10.9,6.3,4.5,3.3,2.3,3,2.5,72,36.4,15,5.6,1.02,1,GOOD,Excellent,EXCELLENT,EXCELLENT,EXCELLENT,Y,M,M,M,16,17,21,NA,NA
CM.P3E3.NRW,HS_P3_E3,CM12/14A,-88.6,18.1,29/02/2020,New River Watershed,NRW,Orange Walk District,27,23.4,2,8.2,CM,J,M,8.9,5.1,3.6,2.7,1.8,2.9,1.7,61.6,29.4,10.3,5.4,0.48,1,good,Excellent,Fair,FAIR,Good,Y,M,M,NA,16,18,20,NA,NA
CM.P3F3.NRW,HS_P3_F3,CM12/14B,-88.6,18.1,29/02/2020,New River Watershed,NRW,Orange Walk District,27,23.3,2,8,CM,J,M,8.9,4.9,3.8,2.8,2,2.5,1.6,56.2,28,10.3,5.3,0.4,1,excellent,Excellent,Good,GOOD,Excellent,Y,M,M,NA,16,18,17,NA,NA
CM.P3F6.NTW,HS_P3_F6,CM-#8GREG,-88.4,16.6,20/08/2020,Northern Toledo Watershed,NTW,Toledo District,NA,NA,2,NA,CM,SA,M,19.8,12.8,8.8,6.8,4.6,6,5,146,70,33.6,13.5,NA,1,Excellent,EXCELLENT,EXCELLENT,Good,EXCELLENT,Y,NA,Y,Y,16,18,20,"Caught by BWRC in Santa Familia, Cayo and brought down to Sennis River",NA
CM.P3H3.NRW,HS_P3_H3,CM12/15A,-88.6,18.1,29/02/2020,New River Watershed,NRW,Orange Walk District,27.2,22.5,2,8,CM,J,M,8.5,5,3.4,2.6,1.7,2.9,1.6,54.2,26,9,4.9,0.36,1,excellent,Excellent,Excellent,GOOD,Excellent,Y,A,M,NA,16,18,20,NA,NA
HY.P3A2.NRW,HS_P3_A2,HY1351,-88.5,18.1,24/09/2019,New River Watershed,NRW,Orange Walk District,30.8,27.9,2,9.1,HY,J,F,13.4,8.1,5.9,4.8,3.2,5.7,2.6,87.5,42,13.8,7.8,1.4,1,Good,Excellent,G,Good,Excellent,Y,A,A,NA,16,18,22,NA,NA
CM.P2B12.NRW,HS_P2_B12,CM1082,-88.6,18,23/01/2020,New River Watershed,NRW,Orange Walk District,25.4,20.4,3,8.4,CM,J,NA,10.5,6.1,4.9,3.3,2.1,3.5,2,69.2,33.8,13.2,5.4,NA,1,excellent,Good,Good,Excellent,Excellent,Y,M,M,NA,16,17,21,NA,N
CM.P2C12.NRW,HS_P2_C12,CM1083,-88.5,18.2,24/01/2020,New River Watershed,NRW,Orange Walk District,26.4,23.8,3,8.6,CM,J,NA,9.6,5.5,4.6,3,2.1,3.2,2,60.2,29.5,11.9,5.4,0.5,1,Good,Good,Good,Excellent,Excellent,Y,A,M,NA,16,17,20,NA,NA
CM.P2H12.NRW,HS_P2_H12,CM1088,-88.5,18.2,28/02/2020,New River Watershed,NRW,Orange Walk District,27.6,23.8,3,8.6,CM,SA,M,20,13,9,6.5,4.7,7.8,4.4,139,67.3,30.5,11,24,1,excellent,Good,Excellent,Good,Good,Y,M,M,NA,16,18,19,NA,NA
CM.P3A1.NRW,HS_P3_A1,CM1089,-88.5,18.2,28/02/2020,New River Watershed,NRW,Orange Walk District,27.6,22.9,3,8.2,CM,J,NA,10.7,6.1,5,3.4,2.5,2.5,2.8,72.7,34.3,13,6,0.76,1,Good,Good,Fair,Fair,Good,Y,M,M,NA,16,17,20,NA,NA
CM.P3A4.NRW,HS_P3_A4,CM12/15B,-88.6,18.1,29/02/2020,New River Watershed,NRW,Orange Walk District,27.2,24.5,3,8,CM,H,M,6,3,2.3,1.7,1.1,1.8,1.9,39.4,19.4,6.1,3.3,0.12,0,good,Good,Fair,GOOD,Excellent,Y,M,M,NA,16,18,19,NA,NA
CM.P3B3.NRW,HS_P3_B3,CM-11/12A,-88.5,18.1,28/02/2020,New River Watershed,NRW,Orange Walk District,27.6,22.5,3,8.3,CM,J,NA,10.8,6.3,4.8,3.3,2.4,2.8,2,69.9,34.9,12.5,5.8,0.74,1,Good,Blue tint,Fair,Fair,Good,Y,M,M,NA,16,17,20,NA,NA
CM.P3C1.NRW,HS_P3_C1,CM1091,-88.5,18.1,28/02/2020,New River Watershed,NRW,Orange Walk District,28.4,19,3,8.3,CM,SA,M,21.2,13.7,9,6.9,4.9,8.5,4.1,136,67.5,28.7,12.2,23,1,Good,Good,Good,good,Good,Y,M,M,NA,16,18,17,NA,NA
CM.P3D3.NRW,HS_P3_D3,CM-11/13,-88.6,18.1,29/02/2020,New River Watershed,NRW,Orange Walk District,27.2,24.5,3,8,CM,H,M,6.1,3.1,2.4,1.9,1.3,1.8,1.4,38.4,18.6,6.1,3.4,0.1,0,excellent,good,Good,GOOD,Excellent,Y,A,M,NA,16,17,20,NA,NA
CM.P3E7.CB,HS_P3_E7,CM1193,-88.3,16.8,2/10/21,Cockscomb Basin,CB,Stann Creek District,27.1,25.9,3,NA,CM,J,M,12,7,4.5,3.7,2.7,3,2.2,77,37.7,14.6,6.8,1.1,0,good,NA,fair,good,excellent,Y,NA,M,NA,16,17,19,MICROCHIP: 981020023292805-981,NA
CM.P3G2.CB,HS_P3_G2,CM-H16,-88.4,16.7,28/01/2021,Cockscomb Basin,CB,Stann Creek District,26.4,25,3,NA,CM,H,M,7.4,3.9,3,1.9,1.6,1.5,1.9,44.7,22.2,7.9,3.7,0.205,0,good,excellent,good,good,good,NA,NA,M,M,16,18,19,NA,NA
CM.P3G3.NRW,HS_P3_G3,CM12/14C,-88.6,18.1,29/02/2020,New River Watershed,NRW,Orange Walk District,27.2,24.5,3,8,CM,H,F,6.2,3.2,2.5,1.7,1.2,2.2,1.4,41,20,6.8,3.4,0.14,0,excellent,Good -  injury in chest,Excellent,GOOD,Excellent,Y,M,M,NA,16,17,20,NA,NA
CM.P3G4.NRW,HS_P3_G4,CM-H10/9,-88.5,18,23/01/2020,New River Watershed,NRW,Orange Walk District,26.3,21.5,3,8.2,CM,J,NA,9.7,5.4,4.2,2.6,1.8,2.7,1.7,54.8,26.2,9.8,4.9,NA,1,Fair,fair,Fair,Excellent,Good,Y,A,M,NA,16,18,20,NA,N
CM.P3G7.CB,HS_P3_G7,CM1195,-88.3,16.8,3/10/21,Cockscomb Basin,CB,Stann Creek District,27.1,24.7,3,NA,CM,A,F,28.4,18.4,13.1,11.5,7.5,18.4,6.2,212.5,104.2,52.5,19,NA,1,excellent,NA,excellent,excellent,excellent,Y,NA,M,NA,16,18,19,MICROCHIP:981020023448172-981; SATELLITE TRACKER,NA
HY.P3A5.NRW,HS_P3_A5,HY-H12/13A,-88.5,18.2,24/09/2019,New River Watershed,NRW,Orange Walk District,31.1,27,3,8.6,HY,H,F,7.3,4,3.1,2.5,1.6,2.9,1.1,48.4,23.4,8,4.1,0.2,1,Excellent,Excellent,Excellent,Excellent,Excellent,Y,A/M,A,NA,16,17,22,NA,NA
HY.P3B4.NRW,HS_P3_B4,HY12/16,-88.6,18.1,29/02/2020,New River Watershed,NRW,Orange Walk District,27.2,24.5,3,8,HY,H,M,6.1,3,2.6,1.8,1.3,1.7,1.8,39.6,19.6,6.4,3.2,0.12,0,excellent,Excellent,Good,GOOD,Excellent,Y,A,M,NA,16,18,18,NA,NA
HY.P3B5.NRW,HS_P3_B5,HY_H12_13B,-88.5,18.2,24/09/2019,New River Watershed,NRW,Orange Walk District,30.4,28.3,3,8.1,HY,H,NA,6.6,3,2.6,2,1.3,2.3,1,41.4,19.7,7,3.5,0.16,0,Excellent,Excellent,Excellent,Excellent,EXCELLENT,Y,NA,A,NA,16A,18M,21M,NA,NA
HY.P3D5.NRW,HS_P3_D5,HY_H9_10,-88.5,18,23/01/2020,New River Watershed,NRW,Orange Walk District,26.3,21.5,3,8.2,HY,J,NA,9.7,5.4,4.2,2.6,1.8,2.7,1.7,54.8,26.2,9.8,4.9,NA,1,Fair,fair,Fair,Excellent,Good,Y,NA,M,NA,16,18,20,NA,N
HY.P3E1.NRW,HS_P3_E1,HY1093,-88.6,18.1,29/02/2020,New River Watershed,NRW,Orange Walk District,26.9,22,3,8.2,HY,J,M,10.8,6.4,4.5,3.3,2.3,3.7,2.3,72,34,12.8,6,0.84,1,excellent,Good,Excellent,GOOD,Good,Y,A,M,NA,16,17,20,981020023297893-981,NA
HY.P3E4.BRW,HS_P3_E4,HY13-14-H1,-88.3,17.5,21/07/2019,Belize River Watershed,BRW,Belize District,29.7,27.3,3,8.6,HY,H,NA,7,4,2.4,2.3,1.6,1.9,1.5,44.5,21.4,8.9,3.8,0.22,0,NA,EXCELLENT,EXCELLENT,EXCELLENT,EXCELLENT,Y,M,A,2-Apr,16,18,17,Good tail width,Y
HY.P3F5.CB,HS_P3_F5,HY1191,-88.3,16.8,26/01/2021,Cockscomb Basin,CB,Stann Creek District,26.9,24.5,3,NA,HY,SA,M,19.5,12.5,8.5,6,4.4,6.4,4.2,133,64,28.5,13.1,7,0,Excellent,Good,EXCELLENT,GOOD,GOOD,Y,NA,M,NA,16,18,20,taken out from a fish pond in dangriga and relocated in Sittee; microchip: 981020023309330-981,N
HY.P3H1.CB,HS_P3_H1,HY1188,-88.3,16.8,31/08/2019,Cockscomb Basin,CB,Stann Creek District,31.4,26.3,3,8.8,HY,J,NA,10,5.7,3.8,3.1,2.1,4.4,1.7,66.1,33.5,13,5.5,0.7937866,0,Excellent,EXCELLENT,EXCELLENT,EXCELLENT,EXCELLENT,Y,M,A,NA,15,17,18,NA,NA
HY.P3H8.CB,HS_P3_H8,HY_HATCH_15_79,-88.4,16.7,28/01/2021,Cockscomb Basin,CB,Stann Creek District,26.4,25,3,NA,HY,H,M,7.7,4,3.1,2,1.5,2.1,1.6,48,24.6,8.9,4.4,0.26,0,good,excellent,good,good,good,NA,NA,M,M,16,18,19,NA,NA
MCA.P1A8.CB,HS_P1_A8,MCA906,-88.4,16.6,26/06/2016,Cockscomb Basin,CB,Stann Creek District,29.6,25.4,3,NA,MCA,J,NA,10.4,6.1,2.8,2.4,1.8,NA,NA,70.7,35.6,13.7,NA,NA,0,NA,NA,NA,NA,NA,NA,NA,NA,NA,NA,NA,NA,NA,NA
MCA.P1H7.CB,HS_P1_H7,MCA905,-88.4,16.6,26/06/2016,Cockscomb Basin,CB,Stann Creek District,26,29.1,3,NA,MCA,SA,M,16.3,10,3.9,4.7,2.9,3.5,2.2,105,53.1,23.9,NA,NA,1,NA,NA,NA,NA,NA,NA,NA,NA,NA,NA,NA,NA,NA,NA
CA.P1E12.NC,HS_P1_E12,CA701,-87.9,18,17/07/2018,Northern Cayes,NC,Belize District,29.3,28.5,4,8.06,CA,J,M,12,7.2,5.6,3.5,2.9,3.3,2.8,75.8,36.4,15.3,6.7,NA,0,NA,NA,NA,NA,NA,NA,NA,NA,NA,NA,NA,NA,NA,NA
CA.P1F12.NC,HS_P1_F12,CA702,-88,18,17/07/2018,Northern Cayes,NC,Belize District,29.2,28.7,4,7.64,CA,SA,M,19.7,13.8,7.7,5,3.9,8.1,3.1,122.5,61.3,NA,9.9,NA,1,NA,NA,NA,NA,NA,NA,NA,NA,NA,NA,NA,NA,NA,NA
CA.P1G12.NC,HS_P1_G12,CA703,-88,18,17/07/2018,Northern Cayes,NC,Belize District,29.4,28.2,4,7.82,CA,J,M,10.2,5.8,4.5,2.8,2.2,3.2,1.7,63.6,31.5,11.1,4.9,NA,0,NA,NA,NA,NA,NA,NA,NA,NA,NA,NA,NA,NA,NA,NA
CM.P1B9.NSLW,HS_P1_B9,CM1322,-88.3,17.3,12/8/18,N/S Lagoon Watershed,NSLW,Belize District,29.4,27.6,4,NA,CM,J,M,10.7,6.3,4.9,4,2.1,NA,NA,66,33.1,5.9,12.1,0.5,1,NA,NA,NA,NA,NA,NA,NA,NA,NA,NA,NA,NA,NA,Missing left front leg
CM.P2A11.CB,HS_P2_A11,CM15B-GPS130,-88.3,16.8,31/08/2019,Cockscomb Basin,CB,Stann Creek District,31.9,25.8,4,NA,CM,H,NA,4.4,NA,2.9,1.3,0.9,1.4,0.8,28.9,14.1,5.3,2.8,0.113398,0,G,EXCELLENT,EXCELLENT,EXCELLENT,EXCELLENT,Y,M,A,NA,16,18,18,NA,NA
CM.P3A8.CB,HS_P3_A8,CM_15B,-88.3,16.8,31/08/2019,Cockscomb Basin,CB,Stann Creek District,31.9,25.8,4,8.8,CM,H,NA,4.4,1.8,1.9,1.7,1,1.2,0.8,29.5,13.9,5,2.1,0.113398,0,GOOD,EXCELLENT,EXCELLENT,EXCELLENT,EXCELLENT,Y,M,A,NA,16,17,19,NA,NA
CM.P3F7.CB,HS_P3_F7,CM1194,-88.3,16.8,2/10/21,Cockscomb Basin,CB,Stann Creek District,27.2,24.6,4,NA,CM,J,M,10.2,5.6,4,3,2.1,5.6,1.6,65.4,32.1,12,5.6,6.2,0,good,NA,fair,good,excellent,Y,NA,M,NA,16,18,18,NA,NA
CM.PC4.CF,HS_PC_4,CM1049,-88.9,16.8,6/10/17,Chiquibul Forest,CF,Cayo District,27.2,24,4,9.6,CM,SA,F,19,11.8,NA,NA,8.5,6,4,133.6,65,29.8,11.3,NA,1,NA,NA,NA,NA,NA,NA,NA,NA,NA,NA,NA,NA,NA,NA
HY.P3C2.BRW,HS_P3_C2,HY1900,-88.2,17.5,20/07/2019,Belize River Watershed,BRW,Belize District,29.2,28.2,4,8.4,HY,J,F,10.7,6.6,4.2,3.1,2.1,NA,NA,76.7,35.3,14.9,6.7,1.12,1,NA,EXCELLENT,EXCELLENT,EXCELLENT,EXCELLENT,Y,A,M,2-Apr,15,18,21,Good tail width,Y
HY.P3D2.BRW,HS_P3_D2,HY1901,-88.3,17.5,21/07/2019,Belize River Watershed,BRW,Belize District,29.6,27.6,4,8.6,HY,J,NA,10.6,5.8,4.1,3.3,2.1,3.6,1.6,73,34.9,13.1,6.2,0.84,1,NA,EXCELLENT,FAIR,GOOD,GOOD,Y,M,A,2-Apr,16,18,20,Excellent tail width,Y
HY.P3F4.BRW,HS_P3_F4,HY13-14-H2,-88.3,17.5,21/07/2019,Belize River Watershed,BRW,Belize District,29,27.6,4,8.5,HY,H,NA,7.5,3.9,3.3,2.6,1.4,3.7,1.7,45.6,22.5,8,4,0.22,0,NA,EXCELLENT,EXCELLENT,EXCELLENT,EXCELLENT,Y,A,A,2,17,19,18,Good tail width,Y
HY.P4A2.CB,HS_P4_A2,HY1184,-88.4,16.6,20/02/2019,Cockscomb Basin,CB,Stann Creek District,NA,NA,4,NA,HY,SA,M,15,9.2,6.6,5,3.7,5.5,2.6,96.8,49.5,21,9,2.94,1,NA,NA,NA,NA,NA,NA,NA,NA,NA,NA,NA,NA,FIESTY,NA
CM.P3A6.CF,HS_P3_A6,CM1040,-88.9,16.9,3/1/17,Chiquibul Forest,CF,Cayo District,25.5,21.3,5,7.2,CM,A,F,27.6,17.8,NA,NA,11,9.9,6.5,184.8,84.5,41.2,15.7,NA,1,NA,NA,NA,NA,NA,NA,NA,NA,NA,NA,NA,NA,NA,NA
CM.PC2.CF,HS_PC_2,CM1041,-88.9,16.9,3/1/17,Chiquibul Forest,CF,Cayo District,27.6,20.9,5,7.2,CM,A,M,29,19.2,NA,NA,11.2,9.8,6.5,202,91.8,44.5,16.5,NA,1,NA,NA,NA,NA,NA,NA,NA,NA,NA,NA,NA,NA,NA,NA
CM.PC3.CF,HS_PC_3,CM1047,-88.9,16.8,6/9/17,Chiquibul Forest,CF,Cayo District,23.9,23.3,5,9,CM,H,M,NA,NA,NA,NA,NA,NA,NA,48,28,NA,NA,NA,0,NA,NA,NA,NA,NA,NA,NA,NA,NA,NA,NA,NA,NA,NA
CM.PC5.CF,HS_PC_5,CM1050,-88.9,16.9,6/10/17,Chiquibul Forest,CF,Cayo District,21.7,22,5,8.9,CM,SA,F,16.8,16.2,NA,NA,6.5,5.4,3.7,118.7,59.2,26.3,9.4,NA,1,NA,NA,NA,NA,NA,NA,NA,NA,NA,NA,NA,NA,NA,NA
HY.P3D4.BRW,HS_P3_D4,HY13-1,-88.2,17.5,20/07/2019,Belize River Watershed,BRW,Belize District,28.4,27.4,5,8.4,HY,J,NA,7.9,4.4,4,2.7,1.8,NA,NA,50,23.6,9,4.6,0.3,0,NA,EXCELLENT,EXCELLENT,EXCELLENT,EXCELLENT,Y,A,A,2-Apr,15,18,21,Large crocs on new river were weary,N
MCA.P1A6.NTW,HS_P1_A6,MCA922B,-88.5,16.4,18/03/2018,Northern Toledo Watershed,NTW,Toledo District,29.4,27.6,5,7,MCA,J,NA,12.7,7.9,3.8,3.5,2.6,5,1.8,77.5,39.4,17.9,7,1.8,0,NA,NA,NA,NA,NA,NA,NA,NA,NA,NA,NA,NA,NA,N
MCA.P1C2.STW,HS_P1_C2,MCA926,-88.7,16.4,26/04/2018,Southern Toledo Watershed,STW,Toledo District,28,27,5,8.4,MCA,J,NA,11.8,7.1,4.2,3.3,2.4,4,2.1,68.4,35,11.6,5.3,0.9,0,NA,NA,NA,NA,NA,NA,NA,NA,NA,NA,NA,NA,NA,Missing tip of the tail
MCA.P1C5.CB,HS_P1_C5,MCA910A,-88.4,16.6,5/8/16,Cockscomb Basin,CB,Stann Creek District,32,27.4,5,NA,MCA,SA,F,12.8,7.9,3.8,4,2.1,NA,NA,91,44.2,19.7,NA,2.4,1,NA,NA,NA,NA,NA,NA,NA,NA,NA,NA,NA,NA,CLOACA = 90.9C; WEIRD NICTATING MEMBRANE,NA
MCA.P1D2.STW,HS_P1_D2,MCA927,-88.7,16.4,26/04/2018,Southern Toledo Watershed,STW,Toledo District,28.4,26.5,5,8.4,MCA,J,NA,10,5.8,3.7,2.6,1.9,3.8,1.5,60.2,30.8,11.4,3.6,0.45,0,NA,NA,NA,NA,NA,NA,NA,NA,NA,NA,NA,NA,NA,NA
MCA.P1D6.STW,HS_P1_D6,MCA924,-88.7,16.3,24/04/2018,Southern Toledo Watershed,STW,Toledo District,29.2,27.2,5,8.1,MCA,J,NA,8.4,5.6,2.3,2.4,1.7,2.7,1,50.9,25.8,9,4.2,NA,0,NA,NA,NA,NA,NA,NA,NA,NA,NA,NA,NA,NA,NA,N
MCA.P1E2.STW,HS_P1_E2,MCA928,-88.7,16.4,26/04/2018,Southern Toledo Watershed,STW,Toledo District,28,26.6,5,8.5,MCA,J,NA,8.4,5,4.3,2.5,1.8,3.7,1.6,50.4,24.1,9.7,3.8,0.9,0,NA,NA,NA,NA,NA,NA,NA,NA,NA,NA,NA,NA,NA,NA
MCA.P1F2.STW,HS_P1_F2,MCA929,-88.7,16.4,26/04/2018,Southern Toledo Watershed,STW,Toledo District,28,26.6,5,8.3,MCA,J,NA,12.2,8.1,4.7,3.4,2.2,4.9,2.1,73.8,37.4,14.9,5.6,0.9,0,NA,NA,NA,NA,NA,NA,NA,NA,NA,NA,NA,NA,NA,NA
MCA.P1G2.STW,HS_P1_G2,MCA930B,-88.7,16.4,26/04/2018,Southern Toledo Watershed,STW,Toledo District,28.6,26.7,5,8.4,MCA,H,NA,7.6,4.4,3.1,2.2,1.7,2.5,1.8,46.9,22.5,8.4,3.4,0.9,0,NA,NA,NA,NA,NA,NA,NA,NA,NA,NA,NA,NA,NA,NA
MCA.P1G7.CB,HS_P1_G7,MCA903,-88.3,16.7,3/5/17,Cockscomb Basin,CB,Stann Creek,32.7,27,5,NA,MCA,J,M,10.3,6.4,4.3,3.5,2.4,NA,NA,62.7,30.5,11.8,5.2,0.6,0,NA,NA,NA,NA,NA,NA,NA,NA,NA,NA,NA,NA,NA,N
MCA.P1G8.CB,HS_P1_G8,MCA916,-88.4,16.6,27/02/2017,Cockscomb Basin,CB,Stann Creek District,30.1,27.8,5,NA,MCA,SA,M,13.9,8.6,5,4.5,3.3,3.8,2.5,91.6,44.2,16.3,7,1.6,1,NA,NA,NA,NA,NA,NA,NA,NA,NA,NA,NA,NA,NA,N
MCA.P3C11.STW,HS_P3_C11,MCA931,-88.7,16.4,26/04/2018,Southern Toledo Watershed,STW,Toledo District,28.5,26.8,5,8.2,MCA,J,NA,9.5,5.4,4.4,2.7,1.9,3.4,2.3,56.8,28.3,11.1,4.3,0.45,0,NA,NA,NA,NA,NA,NA,NA,NA,NA,NA,NA,NA,NA,NA
MCA.P4G2.CB,HS_P4_G2,MCA941,-88.4,16.6,1/7/18,Cockscomb Basin,CB,Stann Creek District,31.7,29,5,7.56,MCA,J,M,10.2,5.6,4.8,3,2.3,3.9,1.6,58,30,12,4.6,NA,0,excellent,NA,NA,NA,NA,NA,NA,NA,NA,NA,NA,NA,NA,scute 3.7
CM.P1A9.NSLW,HS_P1_A9,CM1321,-88.3,17.3,12/8/18,N/S Lagoon Watershed,NSLW,Belize District,29.4,26,6,NA,CM,J,F,8.5,4.7,3.1,2.7,1.8,NA,NA,51.3,24.6,4.6,9.3,0.45,0,NA,NA,NA,NA,NA,NA,NA,NA,NA,NA,NA,NA,NA,N
CM.P1C9.NSLW,HS_P1_C9,CM1323,-88.4,17.2,14/08/2018,N/S Lagoon Watershed,NSLW,Belize District,27.6,26.9,6,NA,CM,J,M,8.1,4.3,3.7,2.6,1.7,NA,NA,51.4,24.1,8.8,4.3,0.45,0,NA,NA,NA,NA,NA,NA,NA,NA,NA,NA,NA,NA,Fused first double row of scutes. Marked normally counting up from the fused row.,N
HY.P3E2.BRW,HS_P3_E2,HY1906,-88.2,17.5,22/07/2019,Belize River Watershed,BRW,Belize District,28.7,28,6,8.4,HY,SA,F,16.4,9.7,6,5.1,4.5,6.9,2.9,110.4,54,22,10.9,3.9,1,EXCELLENT,EXCELLENT,EXCELLENT,EXCELLENT,EXCELLENT,Y,A,A,NA,16,19,18,Excellent tail width; 981020023468695-981-5; pos: 4 AND NS: 2,Y
HY.P3H11.NSLW,HS_P3_H11,HY943,-88.3,17.2,13/08/2018,N/S Lagoon Watershed,NSLW,Belize District,30.7,28.2,7,NA,HY,SA,M,16.2,10,5,4.9,3.9,5.2,2.5,99.3,48.7,20.3,8.9,3.6,1,NA,NA,NA,NA,NA,NA,NA,NA,NA,NA,NA,NA,NA,N
HY.P2E9.NA,HS_P2_E9,HY_MR_H1,NA,NA,29/06/2019,Northern Toledo Watershed,NTW,Toledo District,NA,NA,8,NA,HY,H,NA,NA,NA,NA,NA,NA,NA,NA,NA,NA,NA,NA,NA,NA,NA,NA,NA,NA,NA,NA,NA,NA,NA,NA,NA,NA,NA,NA
HY.P2F9.NA,HS_P2_F9,HY_MR_H2,NA,NA,29/06/2019,Northern Toledo Watershed,NTW,Toledo District,NA,NA,8,NA,HY,H,NA,NA,NA,NA,NA,NA,NA,NA,NA,NA,NA,NA,NA,NA,NA,NA,NA,NA,NA,NA,NA,NA,NA,NA,NA,NA,NA,NA
MCA.P1F8.NTW,HS_P1_F8,MCA915,-88.5,16.4,13/02/2017,Northern Toledo Watershed,NTW,Toledo District,25.7,24.5,8,NA,MCA,SA,M,17.6,11.6,5.6,4.1,2.9,4.9,2,111.1,53,24,7.5,1.6,0,NA,NA,NA,NA,NA,NA,NA,NA,NA,NA,NA,NA,NA,None
CA.P2B1.NC,HS_P2_B1,CA706,-88,17.9,18/07/2018,Northern Cayes,NC,Belize District,28.2,27.9,9,8.38,CA,SA,M,18.6,12.2,7.1,4.4,3.3,7.6,2.3,112.2,56.3,24.1,8.6,4.5,1,NA,NA,NA,NA,NA,NA,NA,NA,NA,NA,NA,NA,NA,NA
CM.P2F11.CB,HS_P2_F11,CMOSHA,-88.5,16.5,25/07/2019,Cockscomb Basin,CB,Stann Creek District,29,29.3,10,NA,CM,SA,F,16.7,10,5.8,4.8,3.8,7,2.6,111.5,52.9,21.4,7.5,NA,0,Excellent,NA,NA,NA,NA,NA,NA,NA,NA,NA,NA,NA,"Photos previously taken, realeased rehab crocs; Osha",NA
HY.P1E4.NRW,HS_P1_E4,HY919B,-88.4,18.3,16/04/2018,New River Watershed,NRW,Corozal District,27.9,21.9,10,8.1,HY,J,NA,12.9,7.8,5.5,5,2.9,5,2.4,83.3,39,16,7,2.7,1,NA,hypermelanistic,NA,NA,NA,Y,NA,NA,NA,NA,NA,NA,Nucchal picture ; tagged as acutus but more morelet; me: James,N
HY.P1F5.NRW,HS_P1_F5,HY918,-88.4,18.3,16/04/2018,New River Watershed,NRW,Corozal District,28.2,23.5,10,7.7,HY,SA,M,18.5,12,7,6.5,3.8,6,1.8,125,61,23.5,9,8.2,1,NA,hypermelanistic,NA,NA,NA,Y,NA,NA,NA,NA,NA,NA,Nucchal picture ; hypermelanistic ; tagged as acutus but more morelet; Darth Sidious,N
HY.P1G4.CB,HS_P1_G4,HY-RANC-960,-88.5,16.5,25/07/2019,Cockscomb Basin,CB,Stann Creek District,29,29.3,10,NA,HY,A,M,30,19.9,11.5,12,7.8,12.5,5.5,208,103.1,49.6,17.9,NA,1,excellent,EXCELLENT,EXCELLENT,EXCELLENT,EXCELLENT,Y,A,A,NA,16,17,20,"The released crocs: photos previously taken, previously captured, released rehab crocs; Rancor",N
HY.P2B6.CB,HS_P2_B6,HY1185B,-88.3,16.8,29/06/2019,Cockscomb Basin,CB,Stann Creek District,28.1,26.2,10,8,HY,J,M,10.8,6.2,4.5,3.4,2.4,NA,NA,71,36.5,13.2,6.5,0.78,0,GOOD,NA,NA,NA,NA,NA,NA,NA,NA,NA,NA,NA,NA,N
HY.P3B7.CB,HS_P3_B7,HY699,-88.4,16.6,25/10/2020,Cockscomb Basin,CB,Stann Creek District,NA,NA,10,NA,HY,SA,F,14,9.5,7.5,4.5,3.3,NA,NA,100.9,49.4,21.4,8.5,3.02,1,Excellent,Excellent,Excellent,Excellent,Excellent,NA,A,A,A,16,18,18,"Captured in Toledo, relocated in Flower Camp by CRC land; NAME: PUPUSA; MICROCHIP: 981020023441306",NA
HY.P3C4.CB,HS_P3_C4,HY13/15,-88.4,16.6,25/07/2019,Cockscomb Basin,CB,Stann Creek District,29,29.3,10,NA,HY,H,NA,6.5,3.6,2.5,1.9,1.2,NA,NA,40,20.2,6.3,3.2,0.12,1,Fair,FAIR,FAIR,GLASSY FAIR,GOOD,Y,M,A,NA,16,18,16,NA,Y
MCA.P1E6.STW,HS_P1_E6,MCA936,-88.7,16.3,26/04/2018,Southern Toledo Watershed,STW,Toledo District,29.4,25.9,10,8.1,MCA,J,NA,8.6,5.3,3.7,2.6,1.7,3.1,1.8,53.9,26.9,10.4,3.4,NA,0,NA,NA,NA,NA,NA,NA,NA,NA,NA,NA,NA,NA,NA,NA
MCA.P3E11.STW,HS_P3_E11,MCA934,-88.7,16.4,26/04/2018,Southern Toledo Watershed,STW,Toledo District,29,25,10,8.3,MCA,J,NA,12.3,7.1,4.6,3.5,2.3,6,2.1,75.2,35.1,15,5.8,1.8,0,NA,NA,NA,NA,NA,NA,NA,NA,NA,NA,NA,NA,NA,NA
CA.P2C4.CC,HS_P2_C4,CA825,-88,17.7,18/05/2017,Coastal Cayes,CC,Belize District,30,27.8,11,NA,CA,J,F,15.7,8.2,6,3.7,2.8,4.2,2.1,88.1,42.5,17.9,6.8,NA,0,NA,NA,NA,NA,NA,NA,NA,NA,NA,NA,NA,NA,Yellow underside,NA
MCA.P1H2.STW,HS_P1_H2,MCA935,-88.7,16.3,26/04/2018,Southern Toledo Watershed,STW,Toledo District,29.5,27.6,11,8.2,MCA,A,M,28.3,19.4,10.2,7.6,5.4,13,4.7,181.7,89.1,41.9,13.5,24.5,0,NA,NA,NA,NA,NA,NA,NA,NA,NA,NA,NA,NA,Croc with dear from NES of the 25th,NA
MCA.P1B2.STW,HS_P1_B2,MCA925,-88.7,16.3,24/04/2018,Southern Toledo Watershed,STW,Toledo District,29.2,26.3,12,8.2,MCA,J,NA,14.5,8.7,5.8,4.4,NA,6.8,2.5,87.6,45.7,13,7.2,NA,0,NA,NA,NA,NA,NA,NA,NA,NA,NA,NA,NA,NA,Missing half of top jaw and emaciated,Y
MCA.P3D11.STW,HS_P3_D11,MCA933,-88.7,16.4,26/04/2018,Southern Toledo Watershed,STW,Toledo District,28.9,27.2,12,8.3,MCA,H,M,7.5,3.7,3.4,2.3,1.4,3,1.2,40.3,20.2,7,3.3,NA,0,NA,NA,NA,NA,NA,NA,NA,NA,NA,NA,NA,NA,NA,NA
HY.P3G1.CB,HS_P3_G1,HY1183B,-88.4,16.6,3/3/20,Cockscomb Basin,CB,Stann Creek District,NA,NA,13.5,8.6,HY,H,M,12,7.1,4.9,3.3,2.4,3.5,2.6,40.4,81,16.8,6.6,1.74,0,Excellent,EXCELLENT,EXCELLENT,Excellent,EXCELLENT,NA,M,M,NA,16,19,21,Captured from Santa Rosa relocated to Flower Camp; 981020023450332; Tortilla,N
CA.P1H1.NC,HS_P1_H1,CA727,-87.9,18.1,29/07/2018,Northern Cayes,NC,Belize District,31.9,27.1,15,NA,CA,J,M,13.8,9,6,3.6,2.5,4.4,2.5,89.3,45.4,17.2,6.9,0.9,0,NA,NA,NA,NA,NA,NA,NA,NA,NA,NA,NA,NA,Mangrove Shallows,NA
HY.P1A4.CB,HS_P1_A4,HY909,-88.4,16.6,20/07/2016,Cockscomb Basin,CB,Stann Creek District,31.7,27.1,15,NA,HY,SA,F,26.3,17.5,6.3,7,3.5,11.2,4,169,83.1,38.5,NA,NA,1,NA,NA,NA,NA,NA,NA,NA,NA,NA,NA,NA,NA,NA,NA
MCA.P1F6.STW,HS_P1_F6,MCA937,-88.7,16.3,26/04/2018,Southern Toledo Watershed,STW,Toledo District,29.4,26.3,15,8.1,MCA,J,NA,9.7,4,4.1,3,1.2,3.7,1.9,62.2,29.7,11.7,5.4,0.45,0,NA,NA,NA,NA,NA,NA,NA,NA,NA,NA,NA,NA,NA,"Missing a toe, back left, 3rd toe"
MCA.P4C1.STW,HS_P4_C1,MCA940,-88.7,16.3,26/04/2018,Southern Toledo Watershed,STW,Toledo District,29.4,26.6,15,8.1,MCA,J,NA,11.4,6.7,1.7,3,2,4,2.1,51.1,30.2,9.6,4.6,0.45,0,NA,NA,NA,NA,NA,NA,NA,NA,NA,NA,NA,NA,Not possible to do 938 because missing whole extremal part of tail,"Missing tip of the tail, brown discolored teeth"
CA.P3B10.NC,HS_P3_B10,CA725,-87.9,18.1,29/07/2018,Northern Cayes,NC,Belize District,31.7,28.9,17,NA,CA,J,M,13.5,8.5,5.9,3.9,2.5,4.5,2.7,89,44.2,16,7.8,0.9,0,NA,NA,NA,NA,NA,NA,NA,NA,NA,NA,NA,NA,Mangrove Shallows,NA
HY.P1B5.CB,HS_P1_B5,HY-11C,-88.4,16.6,20/07/2016,Cockscomb Basin,CB,Stann Creek District,31,27.8,18,NA,HY,J,NA,9.8,5.4,3.2,2.8,1.7,NA,NA,62,30.4,10.4,NA,NA,0,NA,NA,NA,NA,NA,NA,NA,NA,NA,NA,NA,NA,HY,NA
HY.P1H4.CB,HS_P1_H4,HY-11A,-88.4,16.7,10/9/16,Cockscomb Basin,CB,Stann Creek District,29.2,26.9,18,7.1,HY,H,NA,9.2,5.4,3.5,2.4,2,NA,NA,57.2,28,11.5,NA,NA,0,NA,NA,NA,NA,NA,NA,NA,NA,NA,NA,NA,NA,HY,NA
MCA.P1C8.CB,HS_P1_C8,MCA908,-88.4,16.6,20/07/2016,Cockscomb Basin,CB,Stann Creek District,31.9,27.2,18,NA,MCA,J,NA,8.4,4.6,2.4,2.1,1.5,NA,NA,50,25,8.8,NA,NA,1,NA,NA,NA,NA,NA,NA,NA,NA,NA,NA,NA,NA,NA,NA
HY.P1A5.CB,HS_P1_A5,HY_11B,-88.4,16.5,10/9/16,Cockscomb Basin,CB,Stann Creek District,28.7,26.4,19,7.5,HY,H,NA,7.1,3.9,3.1,1.9,1.4,NA,NA,44.5,20.4,7.9,NA,NA,0,NA,NA,NA,NA,NA,NA,NA,NA,NA,NA,NA,NA,NA,NA
MCA.P1D8.CB,HS_P1_D8,MCA912,-88.4,16.6,2/4/17,Cockscomb Basin,CB,Stann Creek District,27.2,24.6,19,7.5,MCA,J,F,10,5.6,2.9,3.2,2.4,2,1.7,60.2,29.6,11.6,5.8,NA,0,NA,NA,NA,NA,NA,NA,NA,NA,NA,NA,NA,NA,NA,NA
MCA.P1E8.CB,HS_P1_E8,MCA914,-88.4,16.6,2/4/17,Cockscomb Basin,CB,Stann Creek District,27.7,25.3,19,NA,MCA,J,M,8.5,5,2.5,2.7,2,2.1,1.2,49.2,25.2,10,4.3,NA,0,NA,NA,NA,NA,NA,NA,NA,NA,NA,NA,NA,NA,NA,NA
CA.P3C10.NC,HS_P3_C10,CA726,-87.9,18.1,29/07/2018,Northern Cayes,NC,Belize District,32.3,27.8,20,NA,CA,SA,M,20.8,13.7,8.3,5.5,4.1,6.6,3.7,136,66.5,28,10.9,6.4,0,NA,NA,NA,NA,NA,NA,NA,NA,NA,NA,NA,NA,Mangrove Shallows,NA
HY.P1C4.CB,HS_P1_C4,HY913B,-88.4,16.6,8/5/16,Cockscomb Basin,CB,Stann Creek District,31,26.2,21,NA,HY,A,F,33.5,22,9.8,3.5,11.5,9.2,6.3,218.5,108.6,NA,55.4,NA,1,NA,NA,NA,NA,NA,NA,NA,NA,NA,NA,NA,NA,NA,NA
CA.P2E5.CC,HS_P2_E5,CA970,-88,17.8,10/9/17,Coastal Cayes,CC,Belize District,32.2,29.4,23,NA,CA,SA,F,24.8,16.2,9.2,8.5,5.8,4.7,3.4,158,76,37.8,13.7,29,1,NA,NA,NA,NA,NA,NA,NA,NA,NA,NA,NA,NA,NA,Scars
CA.P2D2.NC,HS_P2_D2,CA716,-87.9,18,21/07/2018,Northern Cayes,NC,Belize District,29.7,28.3,24,8.14,CA,SA,M,14.3,9.8,5.7,3.9,2.9,3.2,2.2,90.3,40.7,17.5,8.2,0.7,0,NA,NA,NA,NA,NA,NA,NA,NA,NA,NA,NA,NA,NA,NA
CA.PC16.CC,HS_PC_16,CA971,-88,17.8,10/9/17,Coastal Cayes,CC,Belize District,31.8,28.7,25,NA,CA,SA,F,22.8,14.5,8.5,6.3,5.1,6.5,3,153,74,34,12.3,31,1,NA,NA,NA,NA,NA,NA,NA,NA,NA,NA,NA,NA,NA,N
MCA.P1B8.CB,HS_P1_B8,MCA907,-88.4,16.6,16/07/2016,Cockscomb Basin,CB,Stann Creek District,31,27,25,NA,MCA,J,NA,12.3,7.5,3.4,3.2,1.8,3.1,1.7,84.8,41.8,18,NA,1.5,1,NA,NA,NA,NA,NA,NA,NA,NA,NA,NA,NA,NA,NA,NA
MCA.P1E5.CB,HS_P1_E5,MCA910C,-88.4,16.6,25/05/2017,Cockscomb Basin,CB,Stann Creek District,28.8,30.5,25,NA,MCA,J,F,14.1,8.5,5.6,3.7,2.8,3.6,2.3,85.8,43.6,17.7,6.5,NA,0,NA,NA,NA,NA,NA,NA,NA,NA,NA,NA,NA,NA,NA,NA
HY.P3B8.CB,HS_P3_B8,HY1184-GIL,-88.3,16.6,10/5/20,Cockscomb Basin,CB,Stann Creek District,NA,NA,26,NA,HY,A,M,27.4,18.2,11.5,9,6.9,9,6.2,198.9,102,49,15.8,34,NA,Excellent,Excellent,Excellent,Excellent,Excellent,NA,A,A,A,16,18,18,"Captured in tilapia pond in Toledo, relocated in Placencia Lagoon; MICROCHIP: 981 0200 2320 0669; NAME: GIL",NA
CA.P1A12.NC,HS_P1_A12,CA700,-87.9,18,14/09/2014,Northern Cayes,NC,Belize District,NA,NA,28,NA,CA,A,M,29.2,20.5,NA,NA,NA,NA,NA,193.3,92.9,NA,NA,NA,0,NA,NA,NA,NA,NA,NA,NA,NA,NA,NA,NA,NA,"<d2>Pride<d3> - grey teeth, sunken STF, relatively fresh bite marks on tail.",NA
CA.P1B12.NC,HS_P1_B12,CA700B,-87.9,18,14/09/2014,Northern Cayes,NC,Belize District,NA,NA,28,NA,CA,A,M,29.7,20.8,NA,NA,NA,NA,NA,191.5,99.2,NA,NA,NA,1,NA,NA,NA,NA,NA,NA,NA,NA,NA,NA,NA,NA,"<d2>Berlin<d3> - paratrichasoma on abdomen and concentrated on jawline. Glassy teeth, scars on tail",NA
CA.P1D12.NC,HS_P1_D12,CA700_800_2,-87.9,18,12/9/14,Northern Cayes,NC,Belize District,NA,NA,28,NA,CA,A,F,34.1,23.3,NA,NA,NA,NA,NA,220.5,118.3,NA,NA,NA,1,NA,NA,NA,NA,NA,NA,NA,NA,NA,NA,NA,NA,"<d2>Toothless<d3>- no teeth, no paratrichasoma, bite wounds on tail and abscess on right hind knee",NA
CA.P2A2.NC,HS_P2_A2,CA713,-88,18,21/07/2018,Northern Cayes,NC,Belize District,30.6,28.9,28,8.25,CA,SA,M,23.5,15.7,9.1,6.2,4.1,5.9,3.9,158.5,80.1,34.7,11.6,14.5,1,NA,NA,NA,NA,NA,NA,NA,NA,NA,NA,NA,NA,Cut did not bleed,NA
CA.P2B2.NC,HS_P2_B2,CA714,-88,18,21/07/2018,Northern Cayes,NC,Belize District,30.5,28.9,28,8.25,CA,SA,M,17.4,11.2,6.8,4.4,3.2,4.9,2.9,111.3,56,25,9.1,4.5,0,NA,NA,NA,NA,NA,NA,NA,NA,NA,NA,NA,NA,Prolapsed cloaca,NA
CA.P2D8.NC,HS_P2_D8,CA810A,-87.9,18,2/7/16,Northern Cayes,NC,Belize District,NA,NA,28,NA,CA,SA,F,36.5,25.5,NA,13,6.5,16.5,5.6,168,123,NA,NA,NA,0,NA,NA,NA,NA,NA,NA,NA,NA,NA,NA,NA,NA,old,NA
CA.P2E1.NC,HS_P2_E1,CA709,-87.9,18,20/07/2018,Northern Cayes,NC,Belize District,32.7,27.9,28,NA,CA,A,F,38,24.3,14.7,13.6,9.7,10.4,5.6,254,64.5,64.5,20.7,NA,0,NA,NA,NA,NA,NA,NA,NA,NA,NA,NA,NA,NA,NA,NA
CA.PC11.NC,HS_PC_11,CA710,-88,17.9,20/07/2018,Northern Cayes,NC,Belize District,30.7,29,28,7.92,CA,A,M,40.5,28.5,14.8,14.4,8.2,17,5.3,264.5,131.2,65.5,20.2,NA,1,NA,NA,NA,NA,NA,NA,NA,NA,NA,NA,NA,NA,NA,Sore on left foot
CA.P2C2.NC,HS_P2_C2,CA715,-87.9,18,21/07/2018,Northern Cayes,NC,Belize District,30.4,28.5,29,8.24,CA,SA,F,15.2,9.5,6.4,3.9,2.7,4.7,2.4,98.5,49,17.6,7.1,1.8,1,Little skinny,NA,NA,NA,NA,NA,NA,NA,NA,NA,NA,NA,NA,NA
CA.P3E9.NC,HS_P3_E9,CA720,-87.9,18.2,26/07/2018,Northern Cayes,NC,Belize District,32,28.5,29,NA,CA,SA,M,21.9,14.5,9,6.6,4.7,7.4,3.6,150,87.63,87.63,12.4,NA,1,NA,NA,NA,NA,NA,NA,NA,NA,NA,NA,NA,NA,Mangrove Channel,NA
CA.P2H1.NC,HS_P2_H1,CA712,-88,17.9,21/07/2018,Northern Cayes,NC,Belize District,30.9,29.5,30,8.14,CA,J,M,10.8,6.4,4.6,3,2.1,3.2,1.2,69,NA,13.8,5.1,0.5,0,NA,NA,NA,NA,NA,NA,NA,NA,NA,NA,NA,NA,NA,NA
CA.P3B9.NC,HS_P3_B9,CA717,-88,17.9,22/07/2018,Northern Cayes,NC,Belize District,31.5,27.9,30,8.16,CA,SA,M,15.4,9.5,6.6,4.3,2.9,3.5,3.1,100,50.3,20.9,8.3,3.6,0,NA,NA,NA,NA,NA,NA,NA,NA,NA,NA,NA,NA,No blood from cuts,NA
CA.P3C9.NC,HS_P3_C9,CA718,-88,17.9,22/07/2018,Northern Cayes,NC,Belize District,30.2,29,30,8.17,CA,J,M,14.7,8.6,5.7,3.9,3.2,4.3,2.6,89.6,44.8,15.3,8.2,0.9,0,Skinny/ algae on body,NA,NA,NA,NA,NA,NA,NA,NA,NA,NA,NA,NA,NA
CA.PC9.NC,HS_PC_9,CA721B,-87.8,18.1,27/07/2018,Northern Cayes,NC,Belize District,31.7,29.2,32,NA,CA,A,M,41.1,26.9,17,14,10,18.5,6,276.5,143,64,24,NA,1,NA,NA,NA,NA,NA,NA,NA,NA,NA,NA,NA,NA,Mangrove Shallows,"2 gunshot wounds, right tail"
CA.P3H9.NC,HS_P3_H9,CA723,-87.8,18.1,28/07/2018,Northern Cayes,NC,Belize District,31.7,28.7,33,NA,CA,A,F,35.2,25.8,14.1,10.5,7.5,10,5.9,219.2,110.3,50.3,19.8,NA,0,NA,NA,NA,NA,NA,NA,NA,NA,NA,NA,NA,NA,"Coagulated thick, dark blood; Mangrove Shallows",NA
MCA.P1H5.CB,HS_P1_H5,MCA922A,-88.4,16.6,21/04/2018,Cockscomb Basin,CB,Stann Creek District,30.5,28.5,33,7.6,MCA,J,NA,9.7,5.6,4.5,3.4,2.3,1.9,1.7,64.6,32.2,15.1,5.2,1.4,0,NA,NA,NA,NA,NA,NA,NA,NA,NA,NA,NA,NA,NA,N
CA.P2F2.NC,HS_P2_F2,CA724B,-87.8,18.1,28/07/2018,Northern Cayes,NC,Belize District,31.4,27.8,34,NA,CA,A,M,33.4,23.1,12.8,8.9,6.8,10.9,5.7,221.2,111.2,49.1,15.2,36.3,0,NA,NA,NA,NA,NA,NA,NA,NA,NA,NA,NA,NA,Mangrove Shallows,NA
HY.P4E2.CB,HS_P4_E2,HY1175a,-88.4,16.6,21/04/2018,Cockscomb Basin,CB,Stann Creek District,30.5,28.1,34,7.9,HY,J,NA,13,7.3,5.2,3.5,2.7,5.5,2.8,89,43,19,7,4.5,1,NA,NA,NA,NA,NA,NA,NA,NA,NA,NA,NA,NA,Ranger,N
CA.P3G9.NC,HS_P3_G9,CA722,-87.9,18.2,27/07/2018,Northern Cayes,NC,Belize District,31.3,28.7,35,NA,CA,A,M,29.3,19.8,12.4,8,5.8,9,4.6,208.2,104.5,48,15.7,NA,0,NA,NA,NA,NA,NA,NA,NA,NA,NA,NA,NA,NA,Mangrove,"Bite wound, L. hind leg"
CA.PC12.NC,HS_PC_12,CA843,-87.8,18.1,28/07/2018,Northern Cayes,NC,Belize District,30.3,28,35,NA,CA,A,F,32.3,23.1,12.6,9.4,6.4,10.2,5.2,201.1,105.2,45.5,15.1,31.8,1,NA,NA,NA,NA,NA,NA,NA,NA,NA,NA,NA,NA,Scute #800 very flat but unclear if it is a cut. Decided to clip to #843,"Missing 3rd toe on right front foot, bullet wound in right hind leg."
HY.P3E5.CB,HS_P3_E5,HY1161,-88.4,16.6,1/10/20,Cockscomb Basin,CB,Stann Creek District,NA,NA,35,NA,HY,J,F,10.2,5.9,4,2.8,2,2.9,2,67.5,33.2,13,6.5,0.86,1,Good,Excellent,Good,Excellent,Excellent,NA,H,H,H,15,16A,16M,Name: Hope; Saved from being sold in Flowers bank,NA
MCA.P1B6.CB,HS_P1_B6,MCA923A,-88.4,16.6,21/04/2018,Cockscomb Basin,CB,Stann Creek District,30.5,27.7,35,8,MCA,J,NA,10,6.1,3.9,3.2,2.1,3.1,2,70.5,34,15,5.8,1.4,0,NA,NA,NA,NA,NA,NA,NA,NA,NA,NA,NA,NA,NA,N
MCA.P1G5.CB,HS_P1_G5,MCA920,-88.4,16.6,21/04/2018,Cockscomb Basin,CB,Stann Creek District,30.1,28.5,35,7.8,MCA,J,NA,11.8,7,4.3,3.1,2.1,2.4,2,77.5,37.8,14.8,6.1,0.8,0,NA,NA,NA,NA,NA,NA,NA,NA,NA,NA,NA,NA,NA,N
CA.PC13.CC,HS_PC_13,CA822,-88,17.7,18/05/2017,Coastal Cayes,CC,Belize District,29.7,27.4,36,NA,CA,SA,F,15.8,9.8,5.5,4,3,4.7,2.1,105.4,50.9,23,8,NA,1,NA,NA,NA,NA,NA,NA,NA,NA,NA,NA,NA,NA,NA,NA
CA.P1D11.NC,HS_P1_D11,CA4,-88,17.9,21/03/2014,Northern Cayes,NC,Belize District,NA,NA,38,NA,CA,A,M,40,30.1,NA,NA,NA,NA,NA,NA,163.5,NA,NA,NA,0,NA,NA,NA,NA,NA,NA,NA,NA,NA,NA,NA,NA,0A02207739,"~150 lb underweight; missing R front arm just south of elbow; Missing L hind just before ankle; Blind in right eye (not popped, clouded &/or marbled?); Chop wounds on bottom jaw up to 4th tooth"
CA.P1E11.NC,HS_P1_E11,CA8,-88,17.9,21/03/2014,Northern Cayes,NC,Belize District,NA,NA,38,NA,CA,SA,F,15.5,19,NA,NA,NA,NA,NA,180,90.6,NA,NA,NA,0,NA,NA,NA,NA,NA,NA,NA,NA,NA,NA,NA,NA,0A02211761,NA
CA.P1G11.NC,HS_P1_G11,CA10,-88,17.9,21/03/2014,Northern Cayes,NC,Belize District,NA,NA,38,NA,CA,A,M,31.6,21.2,NA,NA,NA,NA,NA,205.5,108,NA,NA,NA,0,NA,NA,NA,NA,NA,NA,NA,NA,NA,NA,NA,NA,0A02212129,NA
CA.P1H12.NC,HS_P1_H12,CA704,-88,17.9,18/07/2018,Northern Cayes,NC,Belize District,NA,NA,38,NA,CA,J,M,19.4,9.4,6.4,4.3,3.4,4.4,3,89.9,NA,19.9,8.3,1.36,1,NA,NA,NA,NA,NA,Y,NA,NA,NA,NA,NA,NA,NA,NA
CA.P2F8.NC,HS_P2_F8,CA811,-88,17.9,5/7/16,Northern Cayes,NC,Belize District,NA,NA,38,NA,CA,A,F,36.4,25.4,9.5,11,5.7,12.2,5.5,238.5,115,NA,NA,NA,0,NA,NA,NA,NA,NA,NA,NA,NA,NA,NA,NA,NA,NA,Broken R back legs with laceration from bone protrusion
CA.PC10.NC,HS_PC_10,CA705,-88,17.9,18/07/2018,Northern Cayes,NC,Belize District,27.8,28.6,38,7.84,CA,J,M,13.2,7.8,5.4,3.3,2.7,3.3,2.6,80.5,40.6,15.4,6.8,0.9,1,NA,NA,NA,NA,NA,NA,NA,NA,NA,NA,NA,NA,NA,NA
HY.P2A6.CB,HS_P2_A6,HY1185A,-88.2,16.9,11/7/19,Cockscomb Basin,CB,Stann Creek District,31.1,28.4,38,8.1,HY,J,NA,10.7,6.4,4.6,3.1,2.8,3.3,2.1,69.1,34.3,11.8,6.2,0.68,0,G,EXCELLENT,EXCELLENT,EXCELLENT,EXCELLENT,Y,A,A,2-Apr,16,18,20,Mannie; was originally listed as CM,Y
CA.P4B1.CC,HS_P4_B1,CA828a,-88,17.7,11/6/18,Coastal Cayes,CC,Belize District,29.1,27,39,8.6,CA,SA,F,17,11.5,7.5,3.5,7.5,5.5,4,119.2,62.4,26.5,8.5,9.1,1,NA,NA,NA,NA,NA,NA,NA,NA,NA,NA,NA,NA,Blood sample and genetalia,NA
HY.P2D9.CB,HS_P2_D9,HY945,-88.2,16.9,11/7/19,Cockscomb Basin,CB,Stann Creek District,30.5,28.3,39,8.3,HY,SA,F,14.5,8.9,5.5,4.6,3.2,4.4,3.7,97.1,46.4,19,8.6,2.56,1,Excellent,EXCELLENT,EXCELLENT,EXCELLENT,EXCELLENT,Y,A,A,4/1/02,14,17,20,NA,Y
CA.P2A5.CC,HS_P2_A5,CA842,-88,17.8,14/06/2018,Coastal Cayes,CC,Belize District,27.9,27.9,40,NA,CA,A,M,39.9,27,25.5,5.8,12.4,13.2,9.4,225,124,55.3,13.6,55.3,1,NA,NA,NA,NA,NA,NA,NA,NA,NA,NA,NA,NA,Blood sample and genetalia,NA
CA.P2B8.CC,HS_P2_B8,CA808B,-88,17.8,26/03/2014,Coastal Cayes,CC,Belize District,NA,NA,40,NA,CA,J,NA,12.8,8,NA,NA,NA,NA,NA,82.4,39.8,NA,NA,NA,0,NA,NA,NA,NA,NA,NA,NA,NA,NA,NA,NA,NA,NA,NA
CA.P2F4.CC,HS_P2_F4,CA829,-88,17.7,11/6/18,Coastal Cayes,CC,Belize District,29.1,27,40,8.6,CA,SA,M,17.7,11.6,7.5,3.4,6.4,4.5,3.5,113,51.8,25,7.5,8.2,1,NA,NA,NA,NA,NA,NA,NA,NA,NA,NA,NA,NA,Blood sample and genetalia,NA
CA.P3F10.CC,HS_P3_F10,CA834,-88,17.8,12/6/18,Coastal Cayes,CC,Belize District,28.6,25.8,40,8.4,CA,A,M,34,21.6,15.7,5.4,12.6,11,8.4,201.5,110.9,52.5,15.2,40.4,1,NA,NA,NA,NA,NA,NA,NA,NA,NA,NA,NA,NA,Blood sample and genetalia,NA
CA.PC15.CC,HS_PC_15,CA841,-88,17.8,14/06/2018,Coastal Cayes,CC,Belize District,28,27.9,40,NA,CA,J,M,8.2,5.1,3.4,2.1,4,2.9,2,51,25.6,9.4,4.3,0.5,0,NA,NA,NA,NA,NA,NA,NA,NA,NA,NA,NA,NA,Blood sample and genetalia,NA
HY.P2H6.CB,HS_P2_H6,HY946,-88.2,16.9,11/7/19,Cockscomb Basin,CB,Stann Creek District,29.9,27.5,40,8.3,HY,A,M,21.1,13.8,7.5,6,4.4,6.3,3.3,145.5,71,32.5,11,7.38,1,Excellent,EXCELLENT,EXCELLENT,EXCELLENT,EXCELLENT,Y,A,A,1/4/02,16,17,19,NA,Y
CA.P2A8.CC,HS_P2_A8,CA808A,-88,17.7,9/1/16,Coastal Cayes,CC,Belize District,30.2,29.8,42,NA,CA,A,M,35.2,24.1,NA,NA,NA,13.5,5.6,218.5,90.4,NA,NA,NA,1,NA,NA,NA,NA,NA,NA,NA,NA,NA,NA,NA,NA,NAME: ANGEL,NA
CA.P2B7.CC,HS_P2_B7,CA801,-88,17.7,24/03/2014,Coastal Cayes,CC,Belize District,NA,NA,42,NA,CA,SA,M,25.4,22.2,NA,NA,NA,NA,NA,172.7,84.8,NA,NA,NA,1,NA,NA,NA,NA,NA,NA,NA,NA,NA,NA,NA,NA,"PT on entire bottom jaw, near cloaca, and sid eof stomach",NA
CA.P2C7.CC,HS_P2_C7,CA802,-88,17.7,25/03/2014,Coastal Cayes,CC,Belize District,NA,NA,42,NA,CA,SA,M,19.4,12.7,NA,NA,NA,NA,NA,129.2,63.2,NA,NA,NA,1,NA,NA,NA,glassy teeth,NA,NA,NA,NA,NA,NA,NA,NA,PT across abdomen,NA
CA.P2E4.CC,HS_P2_E4,CA827,-88,17.7,11/6/18,Coastal Cayes,CC,Belize District,30.1,27.6,42,8.1,CA,J,M,11.7,7.1,3.5,2.3,4.2,3.8,2.8,71.6,37.5,15,6.1,0.9,0,NA,NA,NA,NA,NA,NA,NA,NA,NA,NA,NA,NA,Blood sample and genetalia,NA
CA.P2E8.CC,HS_P2_E8,CA810B,-88,17.7,11/1/16,Coastal Cayes,CC,Belize District,NA,NA,42,NA,CA,A,M,29,20.5,NA,NA,NA,11,4.5,192,92.5,NA,NA,NA,1,NA,NA,NA,NA,NA,NA,NA,NA,NA,NA,NA,NA,NAME: DIRK; WITH FILM CREW,NA
CA.P3A9.NC,HS_P3_A9,CA9,-88,17.9,22/05/2015,Northern Cayes,NC,Belize District,28,NA,42,NA,CA,A,F,37.1,26,NA,NA,NA,NA,NA,241,121,NA,NA,NA,1,NA,NA,NA,NA,NA,NA,NA,NA,NA,NA,NA,NA,NA,NA
CA.P3D10.CC,HS_P3_D10,CA830,-88,17.8,12/6/18,Coastal Cayes,CC,Belize District,29.3,26.8,42,8.6,CA,SA,F,16,10,7.5,2,6.2,4.6,3.4,100.5,51.3,22.3,9,5.9,1,NA,NA,NA,NA,NA,NA,NA,NA,NA,NA,NA,NA,Blood sample and genetalia,NA
CA.PC14.CC,HS_PC_14,CA826,-88,17.7,11/6/18,Coastal Cayes,CC,Belize District,30.2,27.8,42,8.1,CA,SA,F,21,13.5,8.5,2.2,6.5,6,5,137,NA,31,12.5,6.8,0,NA,NA,NA,NA,NA,NA,NA,NA,NA,NA,NA,NA,Blood sample and genetalia,NA
CA.P2F7.CC,HS_P2_F7,CA806,-88,17.8,26/03/2014,Coastal Cayes,CC,Belize District,NA,NA,44,NA,CA,J,NA,13.3,8.6,NA,NA,NA,NA,NA,83.5,43.3,NA,NA,NA,1,NA,NA,NA,NA,NA,NA,NA,NA,NA,NA,NA,NA,PT all over,damanged spot in left forelimb and one in middle
CA.P3E10.CC,HS_P3_E10,CA833,-88,17.8,12/6/18,Coastal Cayes,CC,Belize District,30,26.8,44,8.3,CA,A,F,32.6,22,15,6,14.5,10.2,7.2,206.5,114,52.2,13,36.7,1,NA,NA,NA,NA,NA,NA,NA,NA,NA,NA,NA,NA,Blood sample and genetalia,NA
CA.P2A3.CC,HS_P2_A3,CA814,-88,17.7,24/03/2016,Coastal Cayes,CC,Belize District,21.4,28.4,45,NA,CA,J,NA,12.3,7.5,3.8,2.7,2.2,3.6,1.5,76.5,36.8,14.5,NA,NA,1,NA,NA,NA,NA,NA,NA,NA,NA,NA,NA,NA,NA,NA,NA
CA.P2A4.CC,HS_P2_A4,CA823,-88,17.8,4/9/16,Coastal Cayes,CC,Belize District,29.4,27.9,45,NA,CA,J,NA,12.3,7,3.2,NA,NA,3,1.5,76,39,15.5,NA,NA,0,NA,NA,NA,NA,NA,NA,NA,NA,NA,NA,NA,NA,NA,NA
CA.P2B3.CC,HS_P2_B3,CA815,-88,17.8,25/03/2016,Coastal Cayes,CC,Belize District,29.3,27.9,45,NA,CA,SA,F,17.8,11.1,4.2,4.4,2.7,5.5,2.2,111.5,58.3,24,NA,NA,1,NA,NA,NA,NA,NA,NA,NA,NA,NA,NA,NA,NA,NA,NA
CA.P2B4.CC,HS_P2_B4,CA824,-88,17.7,19/05/2017,Coastal Cayes,CC,Belize District,28.1,29.1,45,NA,CA,A,M,30.3,20.8,11.4,9.3,5.6,8.9,4.5,194.6,96.5,48.8,13,NA,0,NA,NA,NA,NA,NA,NA,NA,NA,NA,NA,NA,NA,NA,NA
CA.P2C3.CC,HS_P2_C3,CA816,-88,17.8,25/03/2016,Coastal Cayes,CC,Belize District,29.3,27.9,45,NA,CA,J,NA,12.1,7.2,3.3,3,2.2,2.4,1.9,75.1,38.7,15.8,NA,NA,0,NA,NA,NA,NA,NA,NA,NA,NA,NA,NA,NA,NA,NA,NA
CA.P2C5.CC,HS_P2_C5,CA918,-88,17.7,12/3/17,Coastal Cayes,CC,Belize District,25.2,27.2,45,NA,CA,A,M,35,23.5,9,11,9,13,5.5,230,109,59.8,15,NA,0,NA,NA,NA,NA,NA,NA,NA,NA,NA,NA,NA,NA,GPS coordites determined by M. Boucher from Google Earth 03/04/2018; Jose,Scarring on snout and tail
CA.P2D7.CC,HS_P2_D7,CA804,-88,17.8,25/03/2014,Coastal Cayes,CC,Belize District,NA,NA,45,NA,CA,A,F,33.7,22.2,NA,NA,NA,NA,NA,217.8,110.5,NA,NA,NA,0,NA,NA,NA,NA,NA,NA,NA,NA,NA,NA,NA,NA,NAME: JILLIAN,injury on preorbital hump
CA.P2E3.CC,HS_P2_E3,CA818,-88,17.8,25/03/2016,Coastal Cayes,CC,Belize District,28.9,26,45,NA,CA,SA,NA,15.2,9.4,4,3,2.4,4.7,2.3,92.3,46.5,18,NA,NA,0,NA,NA,NA,NA,NA,NA,NA,NA,NA,NA,NA,NA,NA,NA
CA.P2E7.CC,HS_P2_E7,CA805,-88,17.8,26/03/2014,Coastal Cayes,CC,Belize District,NA,NA,45,NA,CA,J,NA,8.7,4.8,NA,NA,NA,NA,NA,56.3,29.3,NA,NA,NA,0,NA,NA,NA,NA,NA,NA,NA,NA,NA,NA,NA,NA,NA,"scute cut off 500, damaged but Nt cut off by knife, Vince confirmed Nt ours"
CA.P2F3.CC,HS_P2_F3,CA820,-88,17.8,25/03/2016,Coastal Cayes,CC,Belize District,28.3,26.7,45,NA,CA,A,F,29.1,19.9,7.7,8,4.4,10.3,3.2,249,98.4,46.8,NA,NA,1,NA,NA,NA,NA,NA,NA,NA,NA,NA,NA,NA,NA,Tail tag : Left=Big blue ; Right=Little red,NA
CA.P2G3.CC,HS_P2_G3,CA821,-88,17.7,26/03/2016,Coastal Cayes,CC,Belize District,28.9,27,45,NA,CA,SA,NA,18.6,11.5,4.5,5,3.4,6,3,114.5,56.1,26.5,NA,NA,1,NA,NA,NA,NA,NA,NA,NA,NA,NA,NA,NA,NA,NA,NA
CA.P2G5.CC,HS_P2_G5,CA800+100,-88,17.7,24/03/2014,Coastal Cayes,CC,Belize District,NA,NA,45,NA,CA,SA,M,21.9,14.3,NA,NA,NA,NA,NA,144.2,73.7,NA,NA,NA,0,NA,NA,NA,Glassy teeth,NA,NA,NA,NA,NA,NA,NA,NA,NAME: HISSYFIT,NA
CA.P2G7.CC,HS_P2_G7,CA807A,-88,17.8,8/1/16,Coastal Cayes,CC,Belize District,NA,30.2,45,NA,CA,A,M,28.1,19.4,NA,NA,NA,9,4,186.6,90.9,NA,NA,NA,1,NA,NA,NA,NA,NA,NA,NA,NA,NA,NA,NA,NA,NAME: TARZAN,NA
CA.P2G8.CC,HS_P2_G8,CA812,-88,17.8,13/02/2017,Coastal Cayes,CC,Belize District,27.8,26.9,45,NA,CA,J,NA,8.2,4.7,4.7,2.4,2,NA,NA,52.4,25,11,4.2,0.4,0,NA,NA,NA,NA,NA,NA,NA,NA,NA,NA,NA,NA,NA,NA
CA.P2H7.CC,HS_P2_H7,CA807B,-88,17.8,26/03/2014,Coastal Cayes,CC,Belize District,29.3,28.2,45,NA,CA,SA,NA,14.8,9.1,NA,NA,NA,NA,NA,96.1,47.6,NA,NA,NA,1,NA,NA,jelly belly,NA,NA,NA,NA,NA,NA,NA,NA,NA,PT on abdomen and tail (FRESH); intermittent sclaes deformities on eyebrow,NA
CA.P2H8.CC,HS_P2_H8,CA813,-88,17.8,13/02/2017,Coastal Cayes,CC,Belize District,27.4,25,45,NA,CA,J,F,14.6,8.3,5.6,4.5,2.9,4.1,2.6,87.3,44,18.1,7.2,1.9,1,NA,NA,NA,NA,NA,NA,NA,NA,NA,NA,NA,NA,NA,NA
CA.P3G10.CC,HS_P3_G10,CA836,-88,17.7,13/06/2018,Coastal Cayes,CC,Belize District,27.2,27.1,45,NA,CA,SA,M,16,9.9,6.8,2.8,6.5,4.6,3.4,100.1,54.6,23.5,7.2,1.4,0,NA,NA,NA,NA,NA,NA,NA,NA,NA,NA,NA,NA,Blood sample and genetalia,NA
CA.P3H10.CC,HS_P3_H10,CA837,-88,17.7,13/06/2018,Coastal Cayes,CC,Belize District,28.4,27,45,NA,CA,SA,M,14,9.5,7.5,3,5.7,3.8,2.7,91.5,45.9,18.3,7.9,2.3,0,NA,NA,NA,NA,NA,NA,NA,NA,NA,NA,NA,NA,Blood sample and genetalia,NA
CA.P3D9.NC,HS_P3_D9,CA719,-88,17.9,23/07/2018,Northern Cayes,NC,Belize District,28.9,28.4,46,NA,CA,SA,M,14.6,9.2,6.1,3.8,2.7,3.5,2.7,93.6,46.7,18,7.8,1.4,0,NA,NA,NA,NA,NA,NA,NA,NA,NA,NA,NA,NA,Mangrove shallows;Very little bleeding from scute cut,NA
CA.P2G4.CC,HS_P2_G4,CA838B,-88,17.7,13/06/2018,Coastal Cayes,CC,Belize District,27,26.5,50,NA,CA,J,M,8.9,5.2,3.9,2.2,4.1,2.8,1.9,57.5,29.6,11,4.5,0.4,0,NA,NA,NA,NA,NA,NA,NA,NA,NA,NA,NA,NA,Blood sample and genetalia,NA
CA.P3A11.CC,HS_P3_A11,CA839,-88,17.7,13/06/2018,Coastal Cayes,CC,Belize District,27.3,26.8,50,NA,CA,J,M,8.7,5,3.5,2.1,3.5,3.7,1.9,54.8,26.8,11,4.5,0.4,0,NA,NA,NA,NA,NA,NA,NA,NA,NA,NA,NA,NA,Blood sample and genetalia,NA
CA.P1C12.NC,HS_P1_C12,CA-700-800-1,-87.9,18,13/09/2014,Northern Cayes,NC,Belize District,NA,NA,NA,NA,CA,A,F,35.3,25.5,NA,NA,NA,NA,NA,229,114.5,NA,NA,NA,0,NA,NA,NA,NA,NA,NA,NA,NA,NA,NA,NA,NA,"<d2>Smellen<d3> -  emaciated, tail flopped, sunken STF, grey teeth w/ algae",NA
CA.P1H11.NC,HS_P1_H11,CA84,-87.9,18,8/9/14,Northern Cayes,NC,Belize District,NA,NA,NA,NA,CA,A,F,28.3,18.7,NA,NA,NA,NA,NA,187,95.8,NA,NA,NA,1,NA,NA,NA,NA,NA,NA,NA,NA,NA,NA,NA,NA,<d2>Sweetheart<d3> -paratrichasoma concentrated on neck area,NA
CA.P2C1.NC,HS_P2_C1,CA707,-87.9,18.1,19/07/2018,Northern Cayes,NC,Belize District,30.5,28.9,NA,8.7,CA,J,M,10.6,6.3,4.7,3.2,2.4,2,1.5,67,33.9,12.7,5.8,0.9,0,NA,NA,NA,NA,NA,NA,NA,NA,NA,NA,NA,NA,Refractometer not working,NA
CA.P2D1.NC,HS_P2_D1,CA708,-87.9,18.1,19/07/2018,Northern Cayes,NC,Belize District,31.2,28.1,NA,8.59,CA,A,F,31.7,21,12.2,10.6,7.4,10.8,4.6,206.8,107.9,50.5,16.8,NA,0,NA,NA,NA,NA,NA,NA,NA,NA,NA,NA,NA,NA,NA,NA
CA.P2H5.NA,HS_P2_H5,CATK421B,NA,NA,22/02/2018,NA,NA,NA,NA,NA,NA,NA,CA,A,NA,NA,NA,NA,NA,NA,NA,NA,NA,NA,NA,NA,NA,NA,NA,NA,NA,NA,NA,NA,NA,NA,NA,NA,NA,NA,NA,NA
CM.P3E6.NA,HS_P3_E6,CM_GPS147_Hatch,NA,NA,2/9/19,NA,NA,NA,NA,NA,NA,NA,CM,H,NA,NA,NA,NA,NA,NA,NA,NA,NA,NA,NA,NA,NA,NA,NA,NA,NA,NA,NA,NA,NA,NA,NA,NA,NA,NA,NA,NA
CM.P3F2.NA,HS_P3_F2,CM2919B,NA,NA,2/9/19,NA,NA,NA,NA,NA,NA,NA,CM,NA,NA,NA,NA,NA,NA,NA,NA,NA,NA,NA,NA,NA,NA,NA,NA,NA,NA,NA,NA,NA,NA,NA,NA,NA,NA,NA,NA,NA
CM.P4B2.NA,HS_P4_B2,CM1175,NA,NA,29/03/2018,NA,NA,NA,NA,NA,NA,NA,CM,NA,NA,NA,NA,NA,NA,NA,NA,NA,NA,NA,NA,NA,NA,NA,NA,NA,NA,NA,NA,NA,NA,NA,NA,NA,NA,NA,NA,NA
HY.P1B4.NA,HS_P1_B4,HY913A,NA,NA,15/02/2016,NA,NA,NA,NA,NA,NA,NA,HY,NA,NA,NA,NA,NA,NA,NA,NA,NA,NA,NA,NA,NA,NA,NA,NA,NA,NA,NA,NA,NA,NA,NA,NA,NA,NA,NA,NA,NA
HY.P1D4.NA,HS_P1_D4,HY919A,NA,NA,21/06/2017,NA,NA,NA,NA,NA,NA,NA,HY,NA,NA,NA,NA,NA,NA,NA,NA,NA,NA,NA,NA,NA,NA,NA,NA,NA,NA,NA,NA,NA,NA,NA,NA,NA,NA,NA,NA,NA
HY.P2E11.CB,HS_P2_E11,HY999,-88.3,16.7,4/1/20,Cockscomb Basin,CB,Stann Creek District,NA,NA,NA,NA,HY,J,F,10.3,5.6,4.2,3.1,2.1,2.9,1.6,68.6,33.6,13.6,8.4,0.82,0,excellent,EXCELLENT,EXCELLENT,Excellent,EXCELLENT,NA,A,M,NA,15,17,19,Not a formal survey. Survey with Paul Lister & Friends; Genetic tissue: HM8G,NA
HY.P3D8.NA,HS_P3_D8,HY_GILLY,NA,NA,26/11/2020,NA,NA,NA,NA,NA,NA,NA,HY,A,NA,NA,NA,NA,NA,NA,NA,NA,NA,NA,NA,NA,NA,NA,NA,NA,NA,NA,NA,NA,NA,NA,NA,NA,NA,NA,NA,NA
HY.P3E8.NA,HS_P3_E8,HY_SAM,NA,NA,26/11/2020,NA,NA,NA,NA,NA,NA,NA,HY,A,NA,NA,NA,NA,NA,NA,NA,NA,NA,NA,NA,NA,NA,NA,NA,NA,NA,NA,NA,NA,NA,NA,NA,NA,NA,NA,NA,NA
HY.P3G5.CB,HS_P3_G5,HY1183A,-88.3,17.1,8/12/18,Cockscomb Basin,CB,Stann Creek District,28.4,28.4,NA,8.4,HY,J,NA,6.6,3.2,3.8,2.4,2.2,NA,NA,40.6,NA,7.4,3.9,NA,0,NA,NA,NA,NA,NA,Y,NA,NA,Y,NA,NA,NA,NA,NA
MCA.P1G6.CB,HS_P1_G6,MCA938,-88.3,16.6,24/11/2018,Cockscomb Basin,CB,Stann Creek District,NA,NA,NA,NA,MCA,A,M,30.2,20.5,12,10.5,8,10.7,4.5,201,103,58.2,15.2,40,1,excellent,NA,NA,NA,NA,NA,NA,NA,NA,NA,NA,NA,Problem croc removal and relocation to Cabbage Haul creek; Finn,N
MCA.P1H6.CB,HS_P1_H6,MCA911,NA,NA,30/10/2016,Cockscomb Basin,CB,Stann Creek District,NA,NA,NA,NA,MCA,NA,NA,NA,NA,NA,NA,NA,NA,NA,NA,NA,NA,NA,NA,NA,NA,NA,NA,NA,NA,NA,NA,NA,NA,NA,NA,NA,NA,NA
MCA.P2G10.NA,HS_P2_G10,UK1,NA,NA,NA,NA,NA,NA,NA,NA,NA,NA,MCA,NA,NA,NA,NA,NA,NA,NA,NA,NA,NA,NA,NA,NA,NA,NA,NA,NA,NA,NA,NA,NA,NA,NA,NA,NA,NA,NA,NA,NA
MCA.P2H10.NA,HS_P2_H10,UK2,NA,NA,NA,NA,NA,NA,NA,NA,NA,NA,MCA,NA,NA,NA,NA,NA,NA,NA,NA,NA,NA,NA,NA,NA,NA,NA,NA,NA,NA,NA,NA,NA,NA,NA,NA,NA,NA,NA,NA,NA
MCA.P4F2.NA,HS_P4_F2,UK_P4_F2,NA,NA,NA,NA,NA,NA,NA,NA,NA,NA,MCA,NA,NA,NA,NA,NA,NA,NA,NA,NA,NA,NA,NA,NA,NA,NA,NA,NA,NA,NA,NA,NA,NA,NA,NA,NA,NA,NA,NA,NA