Seq_ID,Sample,CrocID,Morph_Species,Ad_cluster,clusterK3_ad,Ad_MCA,Ad_CA,Ad_acutus,Ad_CM,Longitude,Latitude,Monitoring.Unit,Abbrv_Monitoring.Unit,Subdivision,Capture_Date,Water Temp (C),Air Temp (C),Salinity (ppt),pH,Mark Code,Size Class,Sex,HL (cm),SL (cm),CW (cm),MAX W (cm),PMax W (cm),POb L (cm),POb W (cm),TL (cm),SVL (cm),TW (cm),HF (cm),Weight (kg),Paratrichosoma,Tail Condition,Skin Condition,Musculature Condition,Teeth Condition,Skeletal Structure,Nuchal Photo,Post-Occiptal,Nuchal Scutes,Post-Occipital/Nuchal Pattern,Tansverse Rows,Double Whorls,Single Whorls,Notes,Wounds
HS_P1_A10,CM.P1A10.NRW,CM1630,CM,CM_99,1,1.00E-05,1.00E-05,0,0.99998,-88.6,18.1,New River Watershed,NRW,Orange Walk District,2-Oct-18,29,25.8,0,8.15,1630,J,M,4,5.5,4.5,3.5,2,NA,NA,61,29.5,10.5,5,NA,1,Medium,"Slight flaking, algae on most of body",Back legs not firm,"Very large teeth, some good, others are glassy",Good,NA,NA,NA,NA,NA,NA,NA,NA,NA
HS_P1_A12,CA.P1A12.NC,CA700,CA,CA_99,3,1.00E-05,0.99998,1,1.00E-05,-87.9,18,Northern Cayes,NC,Belize District,14-Sep-14,NA,NA,28,NA,700,A,M,29.2,20.5,NA,NA,NA,NA,NA,193.3,92.9,NA,NA,NA,0,NA,NA,NA,NA,NA,NA,NA,NA,NA,NA,NA,NA,"<d2>Pride<d3> - grey teeth, sunken STF, relatively fresh bite marks on tail.",NA
HS_P1_A2,HY.P1A2.NTW,HY924,HY,Hybrid_MCA_backcross,2,0.661813,0.121641,0.78,0.216546,-88.6,16.4,Northern Toledo Watershed,NTW,Toledo District,19-Jun-18,NA,NA,0,NA,924,SA,F,24,16.5,9.5,9.5,5.5,13,4.5,152,78,38,10.5,16.3,0,NA,NA,NA,NA,NA,NA,NA,NA,NA,NA,NA,NA,Blood glucose syringe: 4.9; clip: 4.3,N
HS_P1_A4,HY.P1A4.CB,HY909,HY,Hybrid_MCA_backcross,2,0.824011,1.00E-05,0.82,0.175979,-88.4,16.6,Cockscomb Basin,CB,Stann Creek District,20-Jul-16,31.7,27.1,15,NA,909,SA,F,26.3,17.5,6.3,7,3.5,11.2,4,169,83.1,38.5,NA,NA,1,NA,NA,NA,NA,NA,NA,NA,NA,NA,NA,NA,NA,NA,NA
HS_P1_A5,HY.P1A5.CB,HY_11B,HY,Hybrid_MCA_backcross,2,0.728224,1.00E-05,0.73,0.271766,-88.4,16.5,Cockscomb Basin,CB,Stann Creek District,10-Sep-16,28.7,26.4,19,7.5,11,H,NA,7.1,3.9,3.1,1.9,1.4,NA,NA,44.5,20.4,7.9,NA,NA,0,NA,NA,NA,NA,NA,NA,NA,NA,NA,NA,NA,NA,NA,NA
HS_P1_A6,MCA.P1A6.NTW,MCA922B,MCA,Acutus_backcross,2,0.394391,0.390332,0.78,0.215276,-88.5,16.4,Northern Toledo Watershed,NTW,Toledo District,18-Mar-18,29.4,27.6,5,7,922,J,NA,12.7,7.9,3.8,3.5,2.6,5,1.8,77.5,39.4,17.9,7,1.8,0,NA,NA,NA,NA,NA,NA,NA,NA,NA,NA,NA,NA,NA,N
HS_P1_A7,MCA.P1A7.CB,MCA-H2A,MCA,F1_Hybrid,2,0.522519,1.00E-05,0.52,0.477471,-88.4,16.6,Cockscomb Basin,CB,Stann Creek District,30-Jun-18,29.6,27.3,0,6.26,11(1),H,NA,4.7,2.1,3.1,1.8,1.2,0.8,0.3,31,13.2,6.1,2.1,NA,0,NA,NA,NA,NA,NA,NA,NA,NA,NA,NA,NA,NA,NA,NA
HS_P1_A8,MCA.P1A8.CB,MCA906,MCA,F1_Hybrid,2,0.568029,1.00E-05,0.57,0.431961,-88.4,16.6,Cockscomb Basin,CB,Stann Creek District,26-Jun-16,29.6,25.4,3,NA,906,J,NA,10.4,6.1,2.8,2.4,1.8,NA,NA,70.7,35.6,13.7,NA,NA,0,NA,NA,NA,NA,NA,NA,NA,NA,NA,NA,NA,NA,NA,NA
HS_P1_A9,CM.P1A9.NSLW,CM1321,CM,Acutus_backcross,2,0.515099,0.320594,0.84,0.164306,-88.3,17.3,N/S Lagoon Watershed,NSLW,Belize District,12-Aug-18,29.4,26,6,NA,1321,J,F,8.5,4.7,3.1,2.7,1.8,NA,NA,51.3,24.6,4.6,9.3,0.45,0,NA,NA,NA,NA,NA,NA,NA,NA,NA,NA,NA,NA,NA,N
HS_P1_B10,CM.P1B10.NRW,CM1631,CM,CM_90,1,1.00E-05,0.021732,0.02,0.978258,-88.6,18.1,New River Watershed,NRW,Orange Walk District,2-Oct-18,28.8,26.2,0,7.98,1631,A,F,27.6,18.1,12,10.5,7.7,10.7,5,185,92.4,41.2,15.8,NA,1,Healthy,Around snout sloughing off,Good,"Fair, clear, not brittle",Good,NA,NA,NA,NA,NA,NA,NA,2 leeches right hind leg,NA
HS_P1_B11,MCA.P1B11.NRW,MCA-HATCH2,MCA,CA_99,3,1.00E-05,0.99998,1,1.00E-05,-88.6,18.1,New River Watershed,NRW,Orange Walk District,2-Oct-18,29,25.8,0,8.15,11(2),H,M,5.5,2.7,2,2,1.4,NA,NA,35.3,16.6,5.6,3.4,NA,0,Healthy,Good,Legs ok,Good,Good,NA,NA,NA,NA,NA,NA,NA,NA,NA
HS_P1_B12,CA.P1B12.NC,CA700B,CA,CA_90,3,0.037704,0.950651,0.99,0.011644,-87.9,18,Northern Cayes,NC,Belize District,14-Sep-14,NA,NA,28,NA,700(B),A,M,29.7,20.8,NA,NA,NA,NA,NA,191.5,99.2,NA,NA,NA,1,NA,NA,NA,NA,NA,NA,NA,NA,NA,NA,NA,NA,"<d2>Berlin<d3> - paratrichasoma on abdomen and concentrated on jawline. Glassy teeth, scars on tail",NA
HS_P1_B2,MCA.P1B2.STW,MCA925,MCA,Hybrid_MCA_backcross,2,0.880809,0.054335,0.94,0.064855,-88.7,16.3,Southern Toledo Watershed,STW,Toledo District,24-Apr-18,29.2,26.3,12,8.2,925,J,NA,14.5,8.7,5.8,4.4,NA,6.8,2.5,87.6,45.7,13,7.2,NA,0,NA,NA,NA,NA,NA,NA,NA,NA,NA,NA,NA,NA,Missing half of top jaw and emaciated,Y
HS_P1_B3,CM.P1B3.NRW,CM1612,CM,CM_90,1,1.00E-05,0.023134,0.02,0.976856,-88.7,17.7,New River Watershed,NRW,Orange Walk District,15-Jul-18,27.7,26,0,7.46,1612,SA,F,15.5,9.7,7.2,5.5,4.1,NA,NA,112.5,53.7,22.5,9.8,4.5,1,NA,NA,NA,NA,NA,NA,NA,NA,NA,NA,NA,NA,NA,NA
HS_P1_B4,HY.P1B4.NA,HY913A,HY,F1_Hybrid,1,0.464501,1.00E-05,0.46,0.535489,NA,NA,NA,NA,NA,15-Feb-16,NA,NA,NA,NA,913A,NA,NA,NA,NA,NA,NA,NA,NA,NA,NA,NA,NA,NA,NA,NA,NA,NA,NA,NA,NA,NA,NA,NA,NA,NA,NA,NA,NA,NA
HS_P1_B5,HY.P1B5.CB,HY-11C,HY,F1_Hybrid,2,0.564361,1.00E-05,0.56,0.435629,-88.4,16.6,Cockscomb Basin,CB,Stann Creek District,20-Jul-16,31,27.8,18,NA,11,J,NA,9.8,5.4,3.2,2.8,1.7,NA,NA,62,30.4,10.4,NA,NA,0,NA,NA,NA,NA,NA,NA,NA,NA,NA,NA,NA,NA,HY,NA
HS_P1_B6,MCA.P1B6.CB,MCA923A,MCA,Hybrid_MCA_backcross,2,0.800724,0.02847,0.83,0.170807,-88.4,16.6,Cockscomb Basin,CB,Stann Creek District,21-Apr-18,30.5,27.7,35,8,923,J,NA,10,6.1,3.9,3.2,2.1,3.1,2,70.5,34,15,5.8,1.4,0,NA,NA,NA,NA,NA,NA,NA,NA,NA,NA,NA,NA,NA,N
HS_P1_B7,MCA.P1B7.CB,MCA-H2B,MCA,F1_Hybrid,2,0.530232,1.00E-05,0.53,0.469758,-88.4,16.6,Cockscomb Basin,CB,Stann Creek District,30-Jun-18,29.6,27.3,0,6.26,11(2),H,M,4.9,2.2,2.8,1.8,1.1,0.7,0.3,29.1,14,6.1,2.4,NA,0,NA,NA,NA,NA,NA,NA,NA,NA,NA,NA,NA,NA,NA,NA
HS_P1_B8,MCA.P1B8.CB,MCA907,MCA,Hybrid_MCA_backcross,2,0.761839,1.00E-05,0.76,0.238151,-88.4,16.6,Cockscomb Basin,CB,Stann Creek District,16-Jul-16,31,27,25,NA,907,J,NA,12.3,7.5,3.4,3.2,1.8,3.1,1.7,84.8,41.8,18,NA,1.5,1,NA,NA,NA,NA,NA,NA,NA,NA,NA,NA,NA,NA,NA,NA
HS_P1_B9,CM.P1B9.NSLW,CM1322,CM,Acutus_backcross,3,0.283629,0.455298,0.74,0.261073,-88.3,17.3,N/S Lagoon Watershed,NSLW,Belize District,12-Aug-18,29.4,27.6,4,NA,1322,J,M,10.7,6.3,4.9,4,2.1,NA,NA,66,33.1,5.9,12.1,0.5,1,NA,NA,NA,NA,NA,NA,NA,NA,NA,NA,NA,NA,NA,Missing left front leg
HS_P1_C10,CM.P1C10.NRW,CM1632,CM,CM_90,1,1.00E-05,0.025744,0.03,0.974246,-88.6,18.1,New River Watershed,NRW,Orange Walk District,2-Oct-18,28.9,24.2,0,7.98,1632,SA,F,21.9,14,8.7,7.7,5.6,5.9,3,147.5,73,28,12,NA,1,Medium,"White around nostrils and eyes, skin sloughing off tail, nuchal scutes, mainly dorsal",Skinny,"Clear, not brittle, grey","Scapula visible, slight curve in spine",NA,NA,NA,NA,NA,NA,NA,NA,NA
HS_P1_C11,MCA.P1C11.NRW,MCA_HATCH5,MCA,Hybrid_CM_backcross,1,0.018613,0.101113,0.12,0.880274,-88.6,18.1,New River Watershed,NRW,Orange Walk District,2-Oct-18,29,25.8,0,8.15,11(1),H,M,5.2,2.5,2.1,1.7,1.2,NA,NA,33.4,16,5.2,3.1,NA,0,Skinny,Little flaking on tail,"Back legs not firm, skinny",Good,Good,NA,NA,NA,NA,NA,NA,NA,NA,NA
HS_P1_C12,CA.P1C12.NC,CA-700-800-1,CA,CA_99,3,1.00E-05,0.99998,1,1.00E-05,-87.9,18,Northern Cayes,NC,Belize District,13-Sep-14,NA,NA,NA,NA,700/800(1),A,F,35.3,25.5,NA,NA,NA,NA,NA,229,114.5,NA,NA,NA,0,NA,NA,NA,NA,NA,NA,NA,NA,NA,NA,NA,NA,"<d2>Smellen<d3> -  emaciated, tail flopped, sunken STF, grey teeth w/ algae",NA
HS_P1_C2,MCA.P1C2.STW,MCA926,MCA,MCA_99,2,0.99998,1.00E-05,1,1.00E-05,-88.7,16.4,Southern Toledo Watershed,STW,Toledo District,26-Apr-18,28,27,5,8.4,926,J,NA,11.8,7.1,4.2,3.3,2.4,4,2.1,68.4,35,11.6,5.3,0.9,0,NA,NA,NA,NA,NA,NA,NA,NA,NA,NA,NA,NA,NA,Missing tip of the tail
HS_P1_C4,HY.P1C4.CB,HY913B,HY,MCA_90,2,0.925756,1.00E-05,0.93,0.074234,-88.4,16.6,Cockscomb Basin,CB,Stann Creek District,8-May-16,31,26.2,21,NA,913,A,F,33.5,22,9.8,3.5,11.5,9.2,6.3,218.5,108.6,NA,55.4,NA,1,NA,NA,NA,NA,NA,NA,NA,NA,NA,NA,NA,NA,NA,NA
HS_P1_C5,MCA.P1C5.CB,MCA910A,MCA,Hybrid_MCA_backcross,2,0.89284,1.00E-05,0.89,0.10715,-88.4,16.6,Cockscomb Basin,CB,Stann Creek District,5-Aug-16,32,27.4,5,NA,1161,SA,F,12.8,7.9,3.8,4,2.1,NA,NA,91,44.2,19.7,NA,2.4,1,NA,NA,NA,NA,NA,NA,NA,NA,NA,NA,NA,NA,CLOACA = 90.9C; WEIRD NICTATING MEMBRANE,NA
HS_P1_C6,MCA.P1C6.NTW,MCA923B,MCA,F1_Hybrid,2,0.503437,0.092381,0.6,0.404182,-88.6,16.4,Northern Toledo Watershed,NTW,Toledo District,19-Jun-18,NA,NA,0,NA,923,J,M,8.1,4.5,3.7,2.5,1.6,3.6,1.7,49.4,24.6,9.4,3.9,0.5,0,NA,NA,NA,NA,NA,NA,NA,NA,NA,NA,NA,NA,Blood glucose syringe: 3.1; clip: 4.8,N
HS_P1_C7,MCA.P1C7.CB,MCA-H2C,MCA,F1_Hybrid,2,0.540879,1.00E-05,0.54,0.459111,-88.4,16.6,Cockscomb Basin,CB,Stann Creek District,30-Jun-18,29.6,27.3,0,6.26,11(3),H,NA,4.5,2,2.6,1.5,0.9,0.6,0.3,28.5,13.4,6.8,2.4,NA,0,NA,NA,NA,NA,NA,NA,NA,NA,NA,NA,NA,NA,NA,NA
HS_P1_C9,CM.P1C9.NSLW,CM1323,CM,CM_90,1,0.075497,0.01154,0.09,0.912963,-88.4,17.2,N/S Lagoon Watershed,NSLW,Belize District,14-Aug-18,27.6,26.9,6,NA,1323,J,M,8.1,4.3,3.7,2.6,1.7,NA,NA,51.4,24.1,8.8,4.3,0.45,0,NA,NA,NA,NA,NA,NA,NA,NA,NA,NA,NA,NA,Fused first double row of scutes. Marked normally counting up from the fused row.,N
HS_P1_D10,CM.P1D10.NRW,CM1633,CM,CM_99,1,0.014231,1.00E-05,0.01,0.985759,-88.6,18.1,New River Watershed,NRW,Orange Walk District,2-Oct-18,28.9,25.3,0,7.82,1633,SA,F,19.5,11.7,8.6,6.8,5.2,4,3.5,122.7,61.7,25.1,10.9,NA,0,Healthy,Good,Good,Clear,Slight shoulder prominence,NA,NA,NA,NA,NA,NA,NA,NA,Break in tail.
HS_P1_D11,CA.P1D11.NC,CA4,CA,Hybrid_CA_backcross,3,0.151691,0.843013,0.99,0.005296,-88,17.9,Northern Cayes,NC,Belize District,21-Mar-14,NA,NA,38,NA,4,A,M,40,30.1,NA,NA,NA,NA,NA,NA,163.5,NA,NA,NA,0,NA,NA,NA,NA,NA,NA,NA,NA,NA,NA,NA,NA,0A02207739,"~150 lb underweight; missing R front arm just south of elbow; Missing L hind just before ankle; Blind in right eye (not popped, clouded &/or marbled?); Chop wounds on bottom jaw up to 4th tooth"
HS_P1_D12,CA.P1D12.NC,CA700_800_2,CA,Hybrid_CA_backcross,3,0.152204,0.835657,0.99,0.012139,-87.9,18,Northern Cayes,NC,Belize District,12-Sep-14,NA,NA,28,NA,700/800,A,F,34.1,23.3,NA,NA,NA,NA,NA,220.5,118.3,NA,NA,NA,1,NA,NA,NA,NA,NA,NA,NA,NA,NA,NA,NA,NA,"<d2>Toothless<d3>- no teeth, no paratrichasoma, bite wounds on tail and abscess on right hind knee",NA
HS_P1_D2,MCA.P1D2.STW,MCA927,MCA,MCA_99,2,0.99998,1.00E-05,1,1.00E-05,-88.7,16.4,Southern Toledo Watershed,STW,Toledo District,26-Apr-18,28.4,26.5,5,8.4,927,J,NA,10,5.8,3.7,2.6,1.9,3.8,1.5,60.2,30.8,11.4,3.6,0.45,0,NA,NA,NA,NA,NA,NA,NA,NA,NA,NA,NA,NA,NA,NA
HS_P1_D3,CM.P1D3.NRW,CM1614,CM,CM_99,1,1.00E-05,1.00E-05,0,0.99998,-88.6,18.1,New River Watershed,NRW,Orange Walk District,27-Nov-18,27.8,24.5,0,8.4,1614,J,M,9.5,6,4.5,3.2,2.3,NA,NA,58.7,27.5,10.4,5.6,0.4,1,Good,Good w/ algae,Good,Grey/clear,Good,NA,NA,NA,NA,NA,NA,NA,NA,NA
HS_P1_D4,HY.P1D4.NA,HY919A,HY,Hybrid_MCA_backcross,2,0.863685,1.00E-05,0.86,0.136305,NA,NA,NA,NA,NA,21-Jun-17,NA,NA,NA,NA,919A,NA,NA,NA,NA,NA,NA,NA,NA,NA,NA,NA,NA,NA,NA,NA,NA,NA,NA,NA,NA,NA,NA,NA,NA,NA,NA,NA,NA,NA
HS_P1_D5,MCA.P1D5.BRW,MCA910B,MCA,Hybrid_CA_backcross,3,0.234513,0.706687,0.94,0.058801,-88.5,17.5,Belize River Watershed,BRW,Belize District,18-Jun-17,26.3,23.1,0,NA,910,J,NA,9.8,5.8,5,3.4,2.6,NA,NA,56.1,26.9,9.8,5.4,NA,0,NA,NA,NA,NA,NA,NA,NA,NA,NA,NA,NA,NA,No hardcopy sheets,N
HS_P1_D6,MCA.P1D6.STW,MCA924,MCA,Hybrid_MCA_backcross,2,0.885663,0.114327,1,1.00E-05,-88.7,16.3,Southern Toledo Watershed,STW,Toledo District,24-Apr-18,29.2,27.2,5,8.1,924,J,NA,8.4,5.6,2.3,2.4,1.7,2.7,1,50.9,25.8,9,4.2,NA,0,NA,NA,NA,NA,NA,NA,NA,NA,NA,NA,NA,NA,NA,N
HS_P1_D7,MCA.P1D7.CB,MCA-H2D,MCA,F1_Hybrid,2,0.555101,1.00E-05,0.56,0.444889,-88.4,16.6,Cockscomb Basin,CB,Stann Creek District,30-Jun-18,29.6,27.3,0,6.26,11(4),H,NA,4.9,2.1,3,2.6,1.1,0.8,0.2,28.1,13.3,6,2.8,NA,0,NA,NA,NA,NA,NA,NA,NA,NA,NA,NA,NA,NA,NA,NA
HS_P1_D8,MCA.P1D8.CB,MCA912,MCA,Hybrid_MCA_backcross,2,0.830915,1.00E-05,0.83,0.169075,-88.4,16.6,Cockscomb Basin,CB,Stann Creek District,2-Apr-17,27.2,24.6,19,7.5,912,J,F,10,5.6,2.9,3.2,2.4,2,1.7,60.2,29.6,11.6,5.8,NA,0,NA,NA,NA,NA,NA,NA,NA,NA,NA,NA,NA,NA,NA,NA
HS_P1_D9,CM.P1D9.NRW,CM1616B,CM,CM_99,1,1.00E-05,1.00E-05,0,0.99998,-88.6,17.9,New River Watershed,NRW,Orange Walk District,9-May-19,29.9,27.8,0,NA,1616,A,M,26,17,9.3,8.1,5.8,8,3.8,180,89.8,30.5,13.3,NA,1,Good,Great,Good,Glassy/strong,Great,Y,M,M,NA,15,18,18,Para on neck and belly,NA
HS_P1_E10,CM.P1E10.NRW,CM1634,CM,CM_99,1,1.00E-05,0.016923,0.02,0.983067,-88.6,18.1,New River Watershed,NRW,Orange Walk District,2-Oct-18,28.9,25.3,0,7.82,1634,A,F,23.4,16.6,9.3,8.7,6,6.5,3.1,161.6,78.9,34.5,11.3,NA,0,Good,Good,Good,"Large clear, glassy, some white","Good, prominent scapula",NA,NA,NA,NA,NA,NA,NA,"2 leeches left hind foot, prominent 5th max tooth bumps, large false nostrils",NA
HS_P1_E11,CA.P1E11.NC,CA8,CA,CA_99,3,1.00E-05,0.99998,1,1.00E-05,-88,17.9,Northern Cayes,NC,Belize District,21-Mar-14,NA,NA,38,NA,8,SA,F,15.5,19,NA,NA,NA,NA,NA,180,90.6,NA,NA,NA,0,NA,NA,NA,NA,NA,NA,NA,NA,NA,NA,NA,NA,0A02211761,NA
HS_P1_E12,CA.P1E12.NC,CA701,CA,CA_90,3,0.034504,0.955172,0.99,0.010324,-87.9,18,Northern Cayes,NC,Belize District,17-Jul-18,29.3,28.5,4,8.06,701,J,M,12,7.2,5.6,3.5,2.9,3.3,2.8,75.8,36.4,15.3,6.7,NA,0,NA,NA,NA,NA,NA,NA,NA,NA,NA,NA,NA,NA,NA,NA
HS_P1_E2,MCA.P1E2.STW,MCA928,MCA,MCA_99,2,0.99998,1.00E-05,1,1.00E-05,-88.7,16.4,Southern Toledo Watershed,STW,Toledo District,26-Apr-18,28,26.6,5,8.5,928,J,NA,8.4,5,4.3,2.5,1.8,3.7,1.6,50.4,24.1,9.7,3.8,0.9,0,NA,NA,NA,NA,NA,NA,NA,NA,NA,NA,NA,NA,NA,NA
HS_P1_E4,HY.P1E4.NRW,HY919B,HY,CM_90,1,0.025295,0.035516,0.06,0.93919,-88.4,18.3,New River Watershed,NRW,Corozal District,16-Apr-18,27.9,21.9,10,8.1,919,J,NA,12.9,7.8,5.5,5,2.9,5,2.4,83.3,39,16,7,2.7,1,NA,hypermelanistic,NA,NA,NA,Y,NA,NA,NA,NA,NA,NA,Nucchal picture ; tagged as acutus but more morelet; me: James,N
HS_P1_E5,MCA.P1E5.CB,MCA910C,MCA,MCA_90,2,0.901929,1.00E-05,0.9,0.098061,-88.4,16.6,Cockscomb Basin,CB,Stann Creek District,25-May-17,28.8,30.5,25,NA,910,J,F,14.1,8.5,5.6,3.7,2.8,3.6,2.3,85.8,43.6,17.7,6.5,NA,0,NA,NA,NA,NA,NA,NA,NA,NA,NA,NA,NA,NA,NA,NA
HS_P1_E6,MCA.P1E6.STW,MCA936,MCA,MCA_99,2,0.99998,1.00E-05,1,1.00E-05,-88.7,16.3,Southern Toledo Watershed,STW,Toledo District,26-Apr-18,29.4,25.9,10,8.1,936,J,NA,8.6,5.3,3.7,2.6,1.7,3.1,1.8,53.9,26.9,10.4,3.4,NA,0,NA,NA,NA,NA,NA,NA,NA,NA,NA,NA,NA,NA,NA,NA
HS_P1_E7,MCA.P1E7.CB,MCA-H2E,MCA,F1_Hybrid,2,0.505849,1.00E-05,0.51,0.494141,-88.4,16.6,Cockscomb Basin,CB,Stann Creek District,30-Jun-18,29.6,27.3,0,6.26,11(5),H,M,4.7,2.2,2.9,1.8,1.3,NA,NA,29.5,13.5,6,2.5,NA,0,NA,NA,NA,NA,NA,NA,NA,NA,NA,NA,NA,NA,NA,NA
HS_P1_E8,MCA.P1E8.CB,MCA914,MCA,Hybrid_MCA_backcross,2,0.788388,1.00E-05,0.79,0.211602,-88.4,16.6,Cockscomb Basin,CB,Stann Creek District,2-Apr-17,27.7,25.3,19,NA,914,J,M,8.5,5,2.5,2.7,2,2.1,1.2,49.2,25.2,10,4.3,NA,0,NA,NA,NA,NA,NA,NA,NA,NA,NA,NA,NA,NA,NA,NA
HS_P1_F10,CM.P1F10.NRW,CM1635,CM,CM_99,1,1.00E-05,1.00E-05,0,0.99998,-88.6,18.1,New River Watershed,NRW,Orange Walk District,2-Oct-18,28.9,25.3,0,7.82,1635,J,F,8.7,4.9,1,3,1.6,2,1.9,60,28.2,10,4.3,NA,0,Good,Good,Good,glassy clear,Good,NA,NA,NA,NA,NA,NA,NA,NA,NA
HS_P1_F12,CA.P1F12.NC,CA702,CA,CA_99,3,1.00E-05,0.99998,1,1.00E-05,-88,18,Northern Cayes,NC,Belize District,17-Jul-18,29.2,28.7,4,7.64,702,SA,M,19.7,13.8,7.7,5,3.9,8.1,3.1,122.5,61.3,NA,9.9,NA,1,NA,NA,NA,NA,NA,NA,NA,NA,NA,NA,NA,NA,NA,NA
HS_P1_F2,MCA.P1F2.STW,MCA929,MCA,MCA_99,2,0.99998,1.00E-05,1,1.00E-05,-88.7,16.4,Southern Toledo Watershed,STW,Toledo District,26-Apr-18,28,26.6,5,8.3,929,J,NA,12.2,8.1,4.7,3.4,2.2,4.9,2.1,73.8,37.4,14.9,5.6,0.9,0,NA,NA,NA,NA,NA,NA,NA,NA,NA,NA,NA,NA,NA,NA
HS_P1_F4,HY.P1F4.CB,HY975,HY,CM_90,1,0.071857,0.002786,0.07,0.925358,-88.3,16.8,Cockscomb Basin,CB,Stann Creek District,19-Jun-18,33.6,27.8,0,NA,975,SA,F,15.9,9.4,6.6,4.9,3.5,4,3.4,109.5,51.9,23.5,9.8,NA,1,NA,NA,NA,NA,NA,NA,NA,NA,NA,NA,NA,NA,Pictures 100-2543/-2578,N
HS_P1_F5,HY.P1F5.NRW,HY918,HY,CM_90,1,0.083019,0.002605,0.09,0.914376,-88.4,18.3,New River Watershed,NRW,Corozal District,16-Apr-18,28.2,23.5,10,7.7,918,SA,M,18.5,12,7,6.5,3.8,6,1.8,125,61,23.5,9,8.2,1,NA,hypermelanistic,NA,NA,NA,Y,NA,NA,NA,NA,NA,NA,Nucchal picture ; hypermelanistic ; tagged as acutus but more morelet; Darth Sidious,N
HS_P1_F6,MCA.P1F6.STW,MCA937,MCA,MCA_99,2,0.99998,1.00E-05,1,1.00E-05,-88.7,16.3,Southern Toledo Watershed,STW,Toledo District,26-Apr-18,29.4,26.3,15,8.1,937,J,NA,9.7,4,4.1,3,1.2,3.7,1.9,62.2,29.7,11.7,5.4,0.45,0,NA,NA,NA,NA,NA,NA,NA,NA,NA,NA,NA,NA,NA,"Missing a toe, back left, 3rd toe"
HS_P1_F7,MCA.P1F7.BC,MCA900,MCA,Hybrid_CA_backcross,3,0.097739,0.888979,0.99,0.013281,-88.3,17.6,Belize River Watershed,BRW,Belize District,30-Mar-14,NA,NA,0,NA,900,A,M,45,31.4,NA,NA,NA,NA,NA,307,NA,NA,NA,NA,0,NA,NA,NA,NA,NA,NA,NA,NA,NA,NA,NA,NA,0A02210345; Libor,NA
HS_P1_F8,MCA.P1F8.NTW,MCA915,MCA,Hybrid_MCA_backcross,2,0.740445,0.147615,0.89,0.11194,-88.5,16.4,Northern Toledo Watershed,NTW,Toledo District,13-Feb-17,25.7,24.5,8,NA,915,SA,M,17.6,11.6,5.6,4.1,2.9,4.9,2,111.1,53,24,7.5,1.6,0,NA,NA,NA,NA,NA,NA,NA,NA,NA,NA,NA,NA,NA,None
HS_P1_G10,CM.P1G10.NRW,CM-HATCH3,CM,CM_99,1,1.00E-05,1.00E-05,0,0.99998,-88.6,18.1,New River Watershed,NRW,Orange Walk District,2-Oct-18,28.9,25.3,0,7.82,11(3),H,F,4.1,2,2,1.7,0.9,NA,NA,29,14.6,5.9,2.6,NA,0,Skinny,Good,"Poor, skinny",Glassy,Good,NA,NA,NA,NA,NA,NA,NA,NA,NA
HS_P1_G11,CA.P1G11.NC,CA10,CA,CA_99,3,0.002978,0.996843,1,0.000179,-88,17.9,Northern Cayes,NC,Belize District,21-Mar-14,NA,NA,38,NA,10,A,M,31.6,21.2,NA,NA,NA,NA,NA,205.5,108,NA,NA,NA,0,NA,NA,NA,NA,NA,NA,NA,NA,NA,NA,NA,NA,0A02212129,NA
HS_P1_G12,CA.P1G12.NC,CA703,CA,Hybrid_CA_backcross,3,0.164789,0.835201,1,1.00E-05,-88,18,Northern Cayes,NC,Belize District,17-Jul-18,29.4,28.2,4,7.82,703,J,M,10.2,5.8,4.5,2.8,2.2,3.2,1.7,63.6,31.5,11.1,4.9,NA,0,NA,NA,NA,NA,NA,NA,NA,NA,NA,NA,NA,NA,NA,NA
HS_P1_G2,MCA.P1G2.STW,MCA930B,MCA,MCA_99,2,0.99998,1.00E-05,1,1.00E-05,-88.7,16.4,Southern Toledo Watershed,STW,Toledo District,26-Apr-18,28.6,26.7,5,8.4,930,H,NA,7.6,4.4,3.1,2.2,1.7,2.5,1.8,46.9,22.5,8.4,3.4,0.9,0,NA,NA,NA,NA,NA,NA,NA,NA,NA,NA,NA,NA,NA,NA
HS_P1_G3,HY.P1G3.NRW,HY1617A,HY,CM_99,1,0.000925,0.016218,0.02,0.982856,-88.6,18,New River Watershed,NRW,Orange Walk District,9-May-19,29.7,28.1,0,NA,1617,SA,F,14.4,9.3,6.7,4.8,2.6,4.2,1.7,101.3,51.4,18.8,7.8,2.42,1,Great,Good,Great,Good,Great,Y,A,A,NA,15,18,18,NA,NA
HS_P1_G4,HY.P1G4.CB,HY-RANC-960,HY,CM_90,1,0.015077,0.03494,0.05,0.949983,-88.5,16.5,Cockscomb Basin,CB,Stann Creek District,25-Jul-19,29,29.3,10,NA,960,A,M,30,19.9,11.5,12,7.8,12.5,5.5,208,103.1,49.6,17.9,NA,1,excellent,EXCELLENT,EXCELLENT,EXCELLENT,EXCELLENT,Y,A,A,NA,16,17,20,"The released crocs: photos previously taken, previously captured, released rehab crocs; Rancor",N
HS_P1_G5,MCA.P1G5.CB,MCA920,MCA,Hybrid_MCA_backcross,2,0.647673,0.141919,0.79,0.210408,-88.4,16.6,Cockscomb Basin,CB,Stann Creek District,21-Apr-18,30.1,28.5,35,7.8,920,J,NA,11.8,7,4.3,3.1,2.1,2.4,2,77.5,37.8,14.8,6.1,0.8,0,NA,NA,NA,NA,NA,NA,NA,NA,NA,NA,NA,NA,NA,N
HS_P1_G6,MCA.P1G6.CB,MCA938,MCA,MCA_90,2,0.970749,0.029241,1,1.00E-05,-88.3,16.6,Cockscomb Basin,CB,Stann Creek District,24-Nov-18,NA,NA,NA,NA,938,A,M,30.2,20.5,12,10.5,8,10.7,4.5,201,103,58.2,15.2,40,1,excellent,NA,NA,NA,NA,NA,NA,NA,NA,NA,NA,NA,Problem croc removal and relocation to Cabbage Haul creek; Finn,N
HS_P1_G7,MCA.P1G7.CB,MCA903,MCA,Acutus_backcross,2,0.459013,0.384732,0.84,0.156254,-88.3,16.7,Cockscomb Basin,CB,Stann Creek,3-May-17,32.7,27,5,NA,903,J,M,10.3,6.4,4.3,3.5,2.4,NA,NA,62.7,30.5,11.8,5.2,0.6,0,NA,NA,NA,NA,NA,NA,NA,NA,NA,NA,NA,NA,NA,N
HS_P1_G8,MCA.P1G8.CB,MCA916,MCA,MCA_90,2,0.939686,1.00E-05,0.94,0.060304,-88.4,16.6,Cockscomb Basin,CB,Stann Creek District,27-Feb-17,30.1,27.8,5,NA,916,SA,M,13.9,8.6,5,4.5,3.3,3.8,2.5,91.6,44.2,16.3,7,1.6,1,NA,NA,NA,NA,NA,NA,NA,NA,NA,NA,NA,NA,NA,N
HS_P1_H10,CM.P1H10.NRW,CM-HATCH1,CM,CM_99,1,0.013438,1.00E-05,0.01,0.986552,-88.6,18.1,New River Watershed,NRW,Orange Walk District,27-Nov-18,27.8,24.5,0,8.2,11 single,H,NA,5.2,2.3,3.1,2.2,1.4,NA,NA,30.3,14.4,4.8,2.8,NA,0,Skinny,Good,Thin,Glassy grey,Good,NA,NA,NA,NA,NA,NA,NA,NA,NA
HS_P1_H12,CA.P1H12.NC,CA704,CA,CA_99,3,1.00E-05,0.99998,1,1.00E-05,-88,17.9,Northern Cayes,NC,Belize District,18-Jul-18,NA,NA,38,NA,704,J,M,19.4,9.4,6.4,4.3,3.4,4.4,3,89.9,NA,19.9,8.3,1.36,1,NA,NA,NA,NA,NA,Y,NA,NA,NA,NA,NA,NA,NA,NA
HS_P1_H2,MCA.P1H2.STW,MCA935,MCA,MCA_99,2,0.99998,1.00E-05,1,1.00E-05,-88.7,16.3,Southern Toledo Watershed,STW,Toledo District,26-Apr-18,29.5,27.6,11,8.2,935,A,M,28.3,19.4,10.2,7.6,5.4,13,4.7,181.7,89.1,41.9,13.5,24.5,0,NA,NA,NA,NA,NA,NA,NA,NA,NA,NA,NA,NA,Croc with dear from NES of the 25th,NA
HS_P1_H5,MCA.P1H5.CB,MCA922A,MCA,Hybrid_MCA_backcross,2,0.793063,1.00E-05,0.79,0.206927,-88.4,16.6,Cockscomb Basin,CB,Stann Creek District,21-Apr-18,30.5,28.5,33,7.6,922,J,NA,9.7,5.6,4.5,3.4,2.3,1.9,1.7,64.6,32.2,15.1,5.2,1.4,0,NA,NA,NA,NA,NA,NA,NA,NA,NA,NA,NA,NA,NA,N
HS_P1_H6,MCA.P1H6.CB,MCA911,MCA,Hybrid_MCA_backcross,2,0.724714,0.249655,0.97,0.025632,NA,NA,Cockscomb Basin,CB,Stann Creek District,30-Oct-16,NA,NA,NA,NA,911,NA,NA,NA,NA,NA,NA,NA,NA,NA,NA,NA,NA,NA,NA,NA,NA,NA,NA,NA,NA,NA,NA,NA,NA,NA,NA,NA,NA,NA
HS_P1_H7,MCA.P1H7.CB,MCA905,MCA,Hybrid_MCA_backcross,2,0.62316,1.00E-05,0.62,0.37683,-88.4,16.6,Cockscomb Basin,CB,Stann Creek District,26-Jun-16,26,29.1,3,NA,905,SA,M,16.3,10,3.9,4.7,2.9,3.5,2.2,105,53.1,23.9,NA,NA,1,NA,NA,NA,NA,NA,NA,NA,NA,NA,NA,NA,NA,NA,NA
HS_P1_H8,MCA.P1H8.BRW,MCA917,MCA,Hybrid_MCA_backcross,2,0.831962,1.00E-05,0.83,0.168028,-88.5,17.5,Belize River Watershed,BRW,Belize District,18-Jun-17,25.4,22.8,0,NA,917,J,NA,9.7,5.5,4.5,3.8,3,NA,NA,60.6,28.9,11.9,5.2,0.9,0,NA,NA,NA,NA,NA,NA,NA,NA,NA,NA,NA,NA,NA,N
HS_P1_H9,CM.P1H9.NRW,CM1621,CM,CM_90,1,0.00709,0.024987,0.03,0.967923,-88.6,18.1,New River Watershed,NRW,Orange Walk District,9-May-19,28.9,26.6,0,NA,1621,J,NA,9.5,5.5,3.8,2.8,2,NA,NA,64.5,30.6,11.6,5.1,0.64,1,Fair,"Good, blue tint, algae",Fair,Fair,Good,Y,M,M,NA,15,18,20,Para on belly,NA
HS_P2_A10,CM.P2A10.NRW,CM801,CM,CM_90,1,0.022729,0.029996,0.05,0.947275,-88.3,17.6,Belize River Watershed,BRW,Belize District,30-Mar-14,NA,NA,0,NA,801,A,M,29.5,19.8,NA,NA,NA,NA,NA,234.9,111.2,NA,NA,NA,0,NA,NA,NA,NA,NA,NA,NA,NA,NA,NA,NA,NA,NA,NA
HS_P2_A12,CM.P2A12.NRW,CM1081,CM,CM_99,1,1.00E-05,1.00E-05,0,0.99998,-88.5,18.1,New River Watershed,NRW,Orange Walk District,14-Jan-20,27.1,24,0,NA,1081,J,F,12.3,7.4,4.8,3.8,2.4,4.1,1.6,82,38.5,15.6,7.3,1.24,1,Excellent,Good,Excellent,Good,Excellent,Y,A,A/M,NA,16,18,20,Exterl parasites and skin is falling off.; MC: 981020023307342-981-1,NA
HS_P2_A2,CA.P2A2.NC,CA713,CA,Hybrid_CA_backcross,3,0.197025,0.784576,0.98,0.018398,-88,18,Northern Cayes,NC,Belize District,21-Jul-18,30.6,28.9,28,8.25,713,SA,M,23.5,15.7,9.1,6.2,4.1,5.9,3.9,158.5,80.1,34.7,11.6,14.5,1,NA,NA,NA,NA,NA,NA,NA,NA,NA,NA,NA,NA,Cut did not bleed,NA
HS_P2_A3,CA.P2A3.CC,CA814,CA,CA_99,3,1.00E-05,0.99998,1,1.00E-05,-88,17.7,Coastal Cayes,CC,Belize District,24-Mar-16,21.4,28.4,45,NA,814,J,NA,12.3,7.5,3.8,2.7,2.2,3.6,1.5,76.5,36.8,14.5,NA,NA,1,NA,NA,NA,NA,NA,NA,NA,NA,NA,NA,NA,NA,NA,NA
HS_P2_A4,CA.P2A4.CC,CA823,CA,CA_99,3,1.00E-05,0.99998,1,1.00E-05,-88,17.8,Coastal Cayes,CC,Belize District,4-Sep-16,29.4,27.9,45,NA,823,J,NA,12.3,7,3.2,NA,NA,3,1.5,76,39,15.5,NA,NA,0,NA,NA,NA,NA,NA,NA,NA,NA,NA,NA,NA,NA,NA,NA
HS_P2_A5,CA.P2A5.CC,CA842,CA,CA_99,3,1.00E-05,0.99998,1,1.00E-05,-88,17.8,Coastal Cayes,CC,Belize District,14-Jun-18,27.9,27.9,40,NA,842,A,M,39.9,27,25.5,5.8,12.4,13.2,9.4,225,124,55.3,13.6,55.3,1,NA,NA,NA,NA,NA,NA,NA,NA,NA,NA,NA,NA,Blood sample and genetalia,NA
HS_P2_A6,HY.P2A6.CB,HY1185A,HY,Hybrid_CM_backcross,1,0.059428,0.046117,0.11,0.894455,-88.2,16.9,Cockscomb Basin,CB,Stann Creek District,11-Jul-19,31.1,28.4,38,8.1,1185,J,NA,10.7,6.4,4.6,3.1,2.8,3.3,2.1,69.1,34.3,11.8,6.2,0.68,0,G,EXCELLENT,EXCELLENT,EXCELLENT,EXCELLENT,Y,A,A,2-Apr,16,18,20,Mannie; was originally listed as CM,Y
HS_P2_A9,MCA.P2A9.CB,MCA-BAL-H1,MCA,Hybrid_MCA_backcross,2,0.777689,1.00E-05,0.78,0.222301,-88.4,16.6,Cockscomb Basin,CB,Stann Creek District,6-Jul-19,29.6,26.5,0,7,/ 13 S,H,NA,5.1,2.3,2,1.5,1.1,NA,NA,31.5,15.5,6.1,2.8,NA,0,Excellent,Excellent,Excellent,Excellent,Excellent,Y,A,A,NA,NA,NA,NA,NA,Y
HS_P2_B10,CM.P2B10.NRW,CM802,CM,Hybrid_CM_backcross,1,0.157964,0.199297,0.36,0.642739,-88.3,17.6,Belize River Watershed,BRW,Belize District,30-Mar-14,NA,NA,0,NA,802,A,F,31,21,NA,NA,NA,NA,NA,241.4,115.9,NA,NA,NA,0,NA,NA,NA,NA,NA,NA,NA,NA,NA,NA,NA,NA,NA,NA
HS_P2_B11,HY.P2B11.CB,HY916,HY,F1_Hybrid,1,0.479332,0.021521,0.5,0.499147,-88.4,16.6,Cockscomb Basin,CB,Stann Creek District,8-Sep-19,30.4,28.4,0,NA,916,H,NA,5.1,2.5,2.4,1.4,1.1,1.4,0.5,32.6,15.9,5.9,3,0.1,0,GOOD,EXCELLENT,FAIR,EXCELLENT,EXCELLENT,Y,A,A,NA,16,17,18,; POS: 2,Y
HS_P2_B12,CM.P2B12.NRW,CM1082,CM,CM_99,1,1.00E-05,1.00E-05,0,0.99998,-88.6,18,New River Watershed,NRW,Orange Walk District,23-Jan-20,25.4,20.4,3,8.4,1082,J,NA,10.5,6.1,4.9,3.3,2.1,3.5,2,69.2,33.8,13.2,5.4,NA,1,excellent,Good,Good,Excellent,Excellent,Y,M,M,NA,16,17,21,NA,N
HS_P2_B2,CA.P2B2.NC,CA714,CA,CA_90,3,0.05321,0.94678,1,1.00E-05,-88,18,Northern Cayes,NC,Belize District,21-Jul-18,30.5,28.9,28,8.25,714,SA,M,17.4,11.2,6.8,4.4,3.2,4.9,2.9,111.3,56,25,9.1,4.5,0,NA,NA,NA,NA,NA,NA,NA,NA,NA,NA,NA,NA,Prolapsed cloaca,NA
HS_P2_B3,CA.P2B3.CC,CA815,CA,CA_99,3,1.00E-05,0.99998,1,1.00E-05,-88,17.8,Coastal Cayes,CC,Belize District,25-Mar-16,29.3,27.9,45,NA,815,SA,F,17.8,11.1,4.2,4.4,2.7,5.5,2.2,111.5,58.3,24,NA,NA,1,NA,NA,NA,NA,NA,NA,NA,NA,NA,NA,NA,NA,NA,NA
HS_P2_B4,CA.P2B4.CC,CA824,CA,CA_99,3,1.00E-05,0.99998,1,1.00E-05,-88,17.7,Coastal Cayes,CC,Belize District,19-May-17,28.1,29.1,45,NA,824,A,M,30.3,20.8,11.4,9.3,5.6,8.9,4.5,194.6,96.5,48.8,13,NA,0,NA,NA,NA,NA,NA,NA,NA,NA,NA,NA,NA,NA,NA,NA
HS_P2_B6,HY.P2B6.CB,HY1185B,HY,Hybrid_CM_backcross,1,0.168314,0.021177,0.19,0.810509,-88.3,16.8,Cockscomb Basin,CB,Stann Creek District,29-Jun-19,28.1,26.2,10,8,1185,J,M,10.8,6.2,4.5,3.4,2.4,NA,NA,71,36.5,13.2,6.5,0.78,0,GOOD,NA,NA,NA,NA,NA,NA,NA,NA,NA,NA,NA,NA,N
HS_P2_B7,CA.P2B7.CC,CA801,CA,CA_99,3,1.00E-05,0.99998,1,1.00E-05,-88,17.7,Coastal Cayes,CC,Belize District,24-Mar-14,NA,NA,42,NA,801,SA,M,25.4,22.2,NA,NA,NA,NA,NA,172.7,84.8,NA,NA,NA,1,NA,NA,NA,NA,NA,NA,NA,NA,NA,NA,NA,NA,"PT on entire bottom jaw, near cloaca, and sid eof stomach",NA
HS_P2_B8,CA.P2B8.CC,CA808B,CA,CA_99,3,1.00E-05,0.99998,1,1.00E-05,-88,17.8,Coastal Cayes,CC,Belize District,26-Mar-14,NA,NA,40,NA,808,J,NA,12.8,8,NA,NA,NA,NA,NA,82.4,39.8,NA,NA,NA,0,NA,NA,NA,NA,NA,NA,NA,NA,NA,NA,NA,NA,NA,NA
HS_P2_B9,MCA.P2B9.CB,MCA-BAL-H2,MCA,MCA_90,2,0.926925,1.00E-05,0.93,0.073065,-88.4,16.6,Cockscomb Basin,CB,Stann Creek District,6-Jul-19,29.6,26.5,0,7,/ 13 S,H,NA,5,2.5,2,1.5,1.2,NA,NA,31.9,16,6.2,2.7,0.12,0,Excellent,Excellent,Excellent,Excellent,Excellent,Y,A,A,"2L 2R, 4, 2",15,17,18,NA,Y
HS_P2_C10,CM.P2C10.NRW,CM_7A,CM,CM_99,1,1.00E-05,0.01259,0.01,0.9874,-88.3,17.6,Belize River Watershed,BRW,Belize District,31-Mar-13,NA,NA,0,NA,Mor_A_BZ,A,M,19.5,30.6,NA,NA,NA,NA,NA,205.5,100,NA,NA,NA,0,NA,NA,NA,NA,NA,NA,NA,NA,NA,NA,NA,NA,Wild caught in shrimp farm; OAO2093963,healthy
HS_P2_C12,CM.P2C12.NRW,CM1083,CM,CM_99,1,1.00E-05,1.00E-05,0,0.99998,-88.5,18.2,New River Watershed,NRW,Orange Walk District,24-Jan-20,26.4,23.8,3,8.6,1083,J,NA,9.6,5.5,4.6,3,2.1,3.2,2,60.2,29.5,11.9,5.4,0.5,1,Good,Good,Good,Excellent,Excellent,Y,A,M,NA,16,17,20,NA,NA
HS_P2_C2,CA.P2C2.NC,CA715,CA,Hybrid_CA_backcross,3,0.205943,0.759082,0.97,0.034975,-87.9,18,Northern Cayes,NC,Belize District,21-Jul-18,30.4,28.5,29,8.24,715,SA,F,15.2,9.5,6.4,3.9,2.7,4.7,2.4,98.5,49,17.6,7.1,1.8,1,Little skinny,NA,NA,NA,NA,NA,NA,NA,NA,NA,NA,NA,NA,NA
HS_P2_C3,CA.P2C3.CC,CA816,CA,CA_99,3,1.00E-05,0.99998,1,1.00E-05,-88,17.8,Coastal Cayes,CC,Belize District,25-Mar-16,29.3,27.9,45,NA,816,J,NA,12.1,7.2,3.3,3,2.2,2.4,1.9,75.1,38.7,15.8,NA,NA,0,NA,NA,NA,NA,NA,NA,NA,NA,NA,NA,NA,NA,NA,NA
HS_P2_C4,CA.P2C4.CC,CA825,CA,CA_99,3,1.00E-05,0.99998,1,1.00E-05,-88,17.7,Coastal Cayes,CC,Belize District,18-May-17,30,27.8,11,NA,825,J,F,15.7,8.2,6,3.7,2.8,4.2,2.1,88.1,42.5,17.9,6.8,NA,0,NA,NA,NA,NA,NA,NA,NA,NA,NA,NA,NA,NA,Yellow underside,NA
HS_P2_C5,CA.P2C5.CC,CA918,CA,CA_90,3,0.069794,0.930196,1,1.00E-05,-88,17.7,Coastal Cayes,CC,Belize District,12-Mar-17,25.2,27.2,45,NA,918,A,M,35,23.5,9,11,9,13,5.5,230,109,59.8,15,NA,0,NA,NA,NA,NA,NA,NA,NA,NA,NA,NA,NA,NA,GPS coordites determined by M. Boucher from Google Earth 03/04/2018; Jose,Scarring on snout and tail
HS_P2_C6,CM.P2C6.NRW,CM-12/13A,CM,CM_99,1,1.00E-05,1.00E-05,0,0.99998,-88.6,17.9,New River Watershed,NRW,Orange Walk District,9-May-19,30,27.7,0,NA,12/13 Single Row,H,NA,7,4,2.9,2,1.4,NA,NA,45.6,22.3,7.8,4,0.22,0,Great,Good,Great,Good,Great,Y,M,M,NA,15,18,21,NA,NA
HS_P2_C7,CA.P2C7.CC,CA802,CA,CA_99,3,1.00E-05,0.99998,1,1.00E-05,-88,17.7,Coastal Cayes,CC,Belize District,25-Mar-14,NA,NA,42,NA,802,SA,M,19.4,12.7,NA,NA,NA,NA,NA,129.2,63.2,NA,NA,NA,1,NA,NA,NA,glassy teeth,NA,NA,NA,NA,NA,NA,NA,NA,PT across abdomen,NA
HS_P2_C9,HY.P2C9.CB,HY-BAL-H3,HY,Hybrid_MCA_backcross,2,0.789308,1.00E-05,0.79,0.210682,-88.4,16.6,Cockscomb Basin,CB,Stann Creek District,6-Jul-19,29.6,26.5,0,7,/ 13 S,H,NA,5.1,2.3,2.1,1.6,1.2,NA,NA,31,15.4,6,2.7,0.12,0,Excellent,Excellent,Excellent,Excellent,Excellent,Y,A,A/M,"2L, 2R, 2, 2, 2",15,16,20,NA,Y
HS_P2_D10,CM.P2D10.NRW,CM_3B,CM,CM_99,1,1.00E-05,0.007306,0.01,0.992684,-88.3,17.6,Belize River Watershed,BRW,Belize District,31-Mar-13,NA,NA,0,NA,Mor_B_BZ,A,M,24.2,15.8,NA,NA,NA,NA,NA,172,80.3,NA,NA,NA,0,NA,NA,NA,NA,NA,NA,NA,NA,NA,NA,NA,NA,Crocland rescue; tag: 0A01550419,healthy
HS_P2_D11,HY.P2D11.RHW,HY976,HY,CM_99,1,1.00E-05,0.01051,0.01,0.98948,-88.6,18.2,Rio Hondo Watershed,RHW,Orange Walk District,3-Mar-20,NA,NA,0,NA,976,SA,F,20.7,13,9.8,7,4.6,8,4.6,124,69.5,32,12.4,25,1,excellent,Excellent,Excellent,Excellent,Excellent,Y,A,A,NA,17,18,20,Captured in Consejo shores (18.46349 - 88.301019) and translocted to Douglas Rio Hondo,NA
HS_P2_D12,CM.P2D12.NRW,CM1084,CM,CM_99,1,1.00E-05,0.004989,0,0.995001,-88.5,18.2,New River Watershed,NRW,Orange Walk District,24-Jan-20,26.2,23.3,1,8.3,1084,J,NA,10,5.6,4.7,2.9,1.9,3.1,1.8,62.8,30,10.7,5.9,0.46,1,Good,Excellent,Good,Excellent,Excellent,Y,M,M,NA,16,18,19,NA,NA
HS_P2_D2,CA.P2D2.NC,CA716,CA,CA_99,3,1.00E-05,0.99998,1,1.00E-05,-87.9,18,Northern Cayes,NC,Belize District,21-Jul-18,29.7,28.3,24,8.14,716,SA,M,14.3,9.8,5.7,3.9,2.9,3.2,2.2,90.3,40.7,17.5,8.2,0.7,0,NA,NA,NA,NA,NA,NA,NA,NA,NA,NA,NA,NA,NA,NA
HS_P2_D7,CA.P2D7.CC,CA804,CA,CA_90,3,0.031949,0.968041,1,1.00E-05,-88,17.8,Coastal Cayes,CC,Belize District,25-Mar-14,NA,NA,45,NA,804,A,F,33.7,22.2,NA,NA,NA,NA,NA,217.8,110.5,NA,NA,NA,0,NA,NA,NA,NA,NA,NA,NA,NA,NA,NA,NA,NA,NAME: JILLIAN,injury on preorbital hump
HS_P2_D9,HY.P2D9.CB,HY945,HY,CM_90,1,0.042206,0.03401,0.08,0.923783,-88.2,16.9,Cockscomb Basin,CB,Stann Creek District,11-Jul-19,30.5,28.3,39,8.3,945,SA,F,14.5,8.9,5.5,4.6,3.2,4.4,3.7,97.1,46.4,19,8.6,2.56,1,Excellent,EXCELLENT,EXCELLENT,EXCELLENT,EXCELLENT,Y,A,A,4/1/02,14,17,20,NA,Y
HS_P2_E10,CM.P2E10.NRW,CM_2C,CM,CM_90,1,0.017715,0.046178,0.06,0.936107,-88.3,17.6,Belize River Watershed,BRW,Belize District,31-Mar-13,NA,NA,0,NA,Mor_C_BZ,A,M,15.5,24,NA,NA,NA,NA,NA,174,88,NA,NA,NA,0,NA,NA,NA,NA,NA,NA,NA,NA,NA,NA,NA,NA,Crocland rescue; tag: 0A01556914,healthy
HS_P2_E12,CM.P2E12.NRW,CM1085,CM,CM_99,1,1.00E-05,1.00E-05,0,0.99998,-88.5,18.1,New River Watershed,NRW,Orange Walk District,24-Jan-20,25.9,22,2,8.2,1085,A,M,24.7,16.1,10.7,7.5,5.5,9,5.6,161,81.3,33.6,13.9,27,1,Good,Good,Fair,Excellent,Good,Y,M,M,NA,16,17,20,NA,NA
HS_P2_E3,CA.P2E3.CC,CA818,CA,CA_99,3,1.00E-05,0.99998,1,1.00E-05,-88,17.8,Coastal Cayes,CC,Belize District,25-Mar-16,28.9,26,45,NA,818,SA,NA,15.2,9.4,4,3,2.4,4.7,2.3,92.3,46.5,18,NA,NA,0,NA,NA,NA,NA,NA,NA,NA,NA,NA,NA,NA,NA,NA,NA
HS_P2_E4,CA.P2E4.CC,CA827,CA,CA_99,3,1.00E-05,0.99998,1,1.00E-05,-88,17.7,Coastal Cayes,CC,Belize District,11-Jun-18,30.1,27.6,42,8.1,827,J,M,11.7,7.1,3.5,2.3,4.2,3.8,2.8,71.6,37.5,15,6.1,0.9,0,NA,NA,NA,NA,NA,NA,NA,NA,NA,NA,NA,NA,Blood sample and genetalia,NA
HS_P2_E5,CA.P2E5.CC,CA970,CA,CA_99,3,1.00E-05,0.99998,1,1.00E-05,-88,17.8,Coastal Cayes,CC,Belize District,10-Sep-17,32.2,29.4,23,NA,970,SA,F,24.8,16.2,9.2,8.5,5.8,4.7,3.4,158,76,37.8,13.7,29,1,NA,NA,NA,NA,NA,NA,NA,NA,NA,NA,NA,NA,NA,Scars
HS_P2_E7,CA.P2E7.CC,CA805,CA,CA_99,3,1.00E-05,0.99998,1,1.00E-05,-88,17.8,Coastal Cayes,CC,Belize District,26-Mar-14,NA,NA,45,NA,805,J,NA,8.7,4.8,NA,NA,NA,NA,NA,56.3,29.3,NA,NA,NA,0,NA,NA,NA,NA,NA,NA,NA,NA,NA,NA,NA,NA,NA,"scute cut off 500, damaged but Nt cut off by knife, Vince confirmed Nt ours"
HS_P2_E8,CA.P2E8.CC,CA810B,CA,CA_99,3,1.00E-05,0.99998,1,1.00E-05,-88,17.7,Coastal Cayes,CC,Belize District,11-Jan-16,NA,NA,42,NA,810,A,M,29,20.5,NA,NA,NA,11,4.5,192,92.5,NA,NA,NA,1,NA,NA,NA,NA,NA,NA,NA,NA,NA,NA,NA,NA,NAME: DIRK; WITH FILM CREW,NA
HS_P2_E9,HY.P2E9.NA,HY_MR_H1,HY,Acutus_backcross,2,0.579047,0.103689,0.68,0.317264,NA,NA,Northern Toledo Watershed,NTW,Toledo District,29-Jun-19,NA,NA,8,NA,HY_MR_H1,H,NA,NA,NA,NA,NA,NA,NA,NA,NA,NA,NA,NA,NA,NA,NA,NA,NA,NA,NA,NA,NA,NA,NA,NA,NA,NA,NA,NA
HS_P2_F10,CM.P2F10.NRW,CM_6E,CM,CM_99,1,1.00E-05,0.016064,0.02,0.983926,-88.3,17.6,Belize River Watershed,BRW,Belize District,31-Mar-13,NA,NA,0,NA,Mor_E_BZ,A,F,24.5,16,NA,NA,NA,NA,NA,172,85.5,NA,NA,NA,0,NA,NA,NA,NA,NA,NA,NA,NA,NA,NA,NA,NA,Nuisance croc eating shrimp captured by ACES (listed as CA); MC: 0A01731772,healthy
HS_P2_F11,CM.P2F11.CB,CMOSHA,CM,CM_90,1,1.00E-05,0.051203,0.05,0.948787,-88.5,16.5,Cockscomb Basin,CB,Stann Creek District,25-Jul-19,29,29.3,10,NA,1047,SA,F,16.7,10,5.8,4.8,3.8,7,2.6,111.5,52.9,21.4,7.5,NA,0,Excellent,NA,NA,NA,NA,NA,NA,NA,NA,NA,NA,NA,"Photos previously taken, realeased rehab crocs; Osha",NA
HS_P2_F2,CA.P2F2.NC,CA724B,CA,CA_90,3,0.072641,0.927349,1,1.00E-05,-87.8,18.1,Northern Cayes,NC,Belize District,28-Jul-18,31.4,27.8,34,NA,724,A,M,33.4,23.1,12.8,8.9,6.8,10.9,5.7,221.2,111.2,49.1,15.2,36.3,0,NA,NA,NA,NA,NA,NA,NA,NA,NA,NA,NA,NA,Mangrove Shallows,NA
HS_P2_F3,CA.P2F3.CC,CA820,CA,CA_90,3,0.037054,0.962936,1,1.00E-05,-88,17.8,Coastal Cayes,CC,Belize District,25-Mar-16,28.3,26.7,45,NA,820,A,F,29.1,19.9,7.7,8,4.4,10.3,3.2,249,98.4,46.8,NA,NA,1,NA,NA,NA,NA,NA,NA,NA,NA,NA,NA,NA,NA,Tail tag : Left=Big blue ; Right=Little red,NA
HS_P2_F4,CA.P2F4.CC,CA829,CA,CA_99,3,1.00E-05,0.99998,1,1.00E-05,-88,17.7,Coastal Cayes,CC,Belize District,11-Jun-18,29.1,27,40,8.6,829,SA,M,17.7,11.6,7.5,3.4,6.4,4.5,3.5,113,51.8,25,7.5,8.2,1,NA,NA,NA,NA,NA,NA,NA,NA,NA,NA,NA,NA,Blood sample and genetalia,NA
HS_P2_F7,CA.P2F7.CC,CA806,CA,CA_99,3,1.00E-05,0.99998,1,1.00E-05,-88,17.8,Coastal Cayes,CC,Belize District,26-Mar-14,NA,NA,44,NA,806,J,NA,13.3,8.6,NA,NA,NA,NA,NA,83.5,43.3,NA,NA,NA,1,NA,NA,NA,NA,NA,NA,NA,NA,NA,NA,NA,NA,PT all over,damanged spot in left forelimb and one in middle
HS_P2_F8,CA.P2F8.NC,CA811,CA,CA_90,3,0.084669,0.915321,1,1.00E-05,-88,17.9,Northern Cayes,NC,Belize District,5-Jul-16,NA,NA,38,NA,811,A,F,36.4,25.4,9.5,11,5.7,12.2,5.5,238.5,115,NA,NA,NA,0,NA,NA,NA,NA,NA,NA,NA,NA,NA,NA,NA,NA,NA,Broken R back legs with laceration from bone protrusion
HS_P2_F9,HY.P2F9.NA,HY_MR_H2,HY,Acutus_backcross,2,0.575914,0.085084,0.66,0.339002,NA,NA,Northern Toledo Watershed,NTW,Toledo District,29-Jun-19,NA,NA,8,NA,HY_MR_H2,H,NA,NA,NA,NA,NA,NA,NA,NA,NA,NA,NA,NA,NA,NA,NA,NA,NA,NA,NA,NA,NA,NA,NA,NA,NA,NA,NA,NA
HS_P2_G10,MCA.P2G10.NA,UK1,MCA,Hybrid_MCA_backcross,2,0.804379,0.02704,0.83,0.168581,NA,NA,NA,NA,NA,NA,NA,NA,NA,NA,NA,NA,NA,NA,NA,NA,NA,NA,NA,NA,NA,NA,NA,NA,NA,NA,NA,NA,NA,NA,NA,NA,NA,NA,NA,NA,NA,NA,NA,NA
HS_P2_G12,CM.P2G12.NRW,CM1087,CM,CM_99,1,1.00E-05,1.00E-05,0,0.99998,-88.5,18.2,New River Watershed,NRW,Orange Walk District,28-Feb-20,27.8,23,2,8.7,1087,J,NA,13.5,8.1,6.1,4.4,2.8,3.7,2.7,92,43,16.6,7.8,1.8,1,good,Good,Good,Good,Good,Y,M,M,NA,16,17,21,NA,NA
HS_P2_G3,CA.P2G3.CC,CA821,CA,CA_99,3,1.00E-05,0.99998,1,1.00E-05,-88,17.7,Coastal Cayes,CC,Belize District,26-Mar-16,28.9,27,45,NA,821,SA,NA,18.6,11.5,4.5,5,3.4,6,3,114.5,56.1,26.5,NA,NA,1,NA,NA,NA,NA,NA,NA,NA,NA,NA,NA,NA,NA,NA,NA
HS_P2_G4,CA.P2G4.CC,CA838B,CA,CA_99,3,1.00E-05,0.99998,1,1.00E-05,-88,17.7,Coastal Cayes,CC,Belize District,13-Jun-18,27,26.5,50,NA,838,J,M,8.9,5.2,3.9,2.2,4.1,2.8,1.9,57.5,29.6,11,4.5,0.4,0,NA,NA,NA,NA,NA,NA,NA,NA,NA,NA,NA,NA,Blood sample and genetalia,NA
HS_P2_G5,CA.P2G5.CC,CA800+100,CA,CA_99,3,1.00E-05,0.99998,1,1.00E-05,-88,17.7,Coastal Cayes,CC,Belize District,24-Mar-14,NA,NA,45,NA,800/100,SA,M,21.9,14.3,NA,NA,NA,NA,NA,144.2,73.7,NA,NA,NA,0,NA,NA,NA,Glassy teeth,NA,NA,NA,NA,NA,NA,NA,NA,NAME: HISSYFIT,NA
HS_P2_G6,CM.P2G6.NRW,CMGPS1756HH,CM,CM_90,1,1.00E-05,0.03787,0.04,0.96212,-88.5,18,New River Watershed,NRW,Orange Walk District,9-May-19,40,26.1,0,NA,12/13 Single Row,H,NA,6.5,3.4,2.7,2.2,1.5,NA,NA,37.8,19.5,5.7,3.5,0.1,0,Fair,Fair,Fair,Good,Good,Y,M,A/M,NA,15,17,20,NA,NA
HS_P2_G7,CA.P2G7.CC,CA807A,CA,CA_90,3,0.070934,0.929056,1,1.00E-05,-88,17.8,Coastal Cayes,CC,Belize District,8-Jan-16,NA,30.2,45,NA,807,A,M,28.1,19.4,NA,NA,NA,9,4,186.6,90.9,NA,NA,NA,1,NA,NA,NA,NA,NA,NA,NA,NA,NA,NA,NA,NA,NAME: TARZAN,NA
HS_P2_G8,CA.P2G8.CC,CA812,CA,CA_99,3,1.00E-05,0.99998,1,1.00E-05,-88,17.8,Coastal Cayes,CC,Belize District,13-Feb-17,27.8,26.9,45,NA,812,J,NA,8.2,4.7,4.7,2.4,2,NA,NA,52.4,25,11,4.2,0.4,0,NA,NA,NA,NA,NA,NA,NA,NA,NA,NA,NA,NA,NA,NA
HS_P2_G9,CM.P2G9.NRW,CM-12/13B,CM,CM_90,1,1.00E-05,0.050085,0.05,0.949905,-88.6,18,New River Watershed,NRW,Orange Walk District,9-May-19,31.3,27.3,0,NA,12/13 Single Row,H,NA,6.4,3.6,2.5,2,1.3,NA,NA,39.1,18.9,6,3.4,0.12,0,Fair,"Good, algae, some blue tint",Fair,Good,Good,Y,M,M,NA,15,17,20,NA,NA
HS_P2_H10,MCA.P2H10.NA,UK2,MCA,MCA_99,2,0.99998,1.00E-05,1,1.00E-05,NA,NA,NA,NA,NA,NA,NA,NA,NA,NA,NA,NA,NA,NA,NA,NA,NA,NA,NA,NA,NA,NA,NA,NA,NA,NA,NA,NA,NA,NA,NA,NA,NA,NA,NA,NA,NA,NA,NA,NA
HS_P2_H11,CM.P2H11.NRW,CM1080,CM,CM_99,1,1.00E-05,1.00E-05,0,0.99998,-88.5,18.1,New River Watershed,NRW,Orange Walk District,14-Jan-20,NA,24.7,0,NA,1080,A,F,29.8,16.5,10.3,8.9,5.6,8,5.4,176,85.5,37.6,16.5,NA,0,GOOD,Poor,GOOD,Good,Excellent,Y,A,M,NA,16,17,18,Fully black; some white spots. Breeding pair; 7ft male seen nearby; MC: 981020023457739-981-6,NA
HS_P2_H12,CM.P2H12.NRW,CM1088,CM,CM_99,1,1.00E-05,1.00E-05,0,0.99998,-88.5,18.2,New River Watershed,NRW,Orange Walk District,28-Feb-20,27.6,23.8,3,8.6,1088,SA,M,20,13,9,6.5,4.7,7.8,4.4,139,67.3,30.5,11,24,1,excellent,Good,Excellent,Good,Good,Y,M,M,NA,16,18,19,NA,NA
HS_P2_H5,CA.P2H5.NA,CATK421B,CA,CA_99,3,1.00E-05,0.99998,1,1.00E-05,NA,NA,NA,NA,NA,22-Feb-18,NA,NA,NA,NA,TK421,A,NA,NA,NA,NA,NA,NA,NA,NA,NA,NA,NA,NA,NA,NA,NA,NA,NA,NA,NA,NA,NA,NA,NA,NA,NA,NA,NA,NA
HS_P2_H6,HY.P2H6.CB,HY946,HY,F1_Hybrid,1,0.193637,0.230339,0.42,0.576024,-88.2,16.9,Cockscomb Basin,CB,Stann Creek District,11-Jul-19,29.9,27.5,40,8.3,946,A,M,21.1,13.8,7.5,6,4.4,6.3,3.3,145.5,71,32.5,11,7.38,1,Excellent,EXCELLENT,EXCELLENT,EXCELLENT,EXCELLENT,Y,A,A,1/4/02,16,17,19,NA,Y
HS_P2_H8,CA.P2H8.CC,CA813,CA,CA_99,3,1.00E-05,0.99998,1,1.00E-05,-88,17.8,Coastal Cayes,CC,Belize District,13-Feb-17,27.4,25,45,NA,813,J,F,14.6,8.3,5.6,4.5,2.9,4.1,2.6,87.3,44,18.1,7.2,1.9,1,NA,NA,NA,NA,NA,NA,NA,NA,NA,NA,NA,NA,NA,NA
HS_P2_H9,CM.P2H9.NRW,CM800,CM,CM_90,1,0.025813,0.010629,0.04,0.963558,-88.3,17.6,Belize River Watershed,BRW,Belize District,30-Mar-14,NA,NA,0,NA,800,A,M,23.9,14.8,NA,NA,NA,NA,NA,179.3,85,NA,NA,NA,1,NA,NA,NA,NA,NA,NA,NA,NA,NA,NA,NA,NA,Leviatan,NA
HS_P3_A1,CM.P3A1.NRW,CM1089,CM,CM_99,1,1.00E-05,1.00E-05,0,0.99998,-88.5,18.2,New River Watershed,NRW,Orange Walk District,28-Feb-20,27.6,22.9,3,8.2,1089,J,NA,10.7,6.1,5,3.4,2.5,2.5,2.8,72.7,34.3,13,6,0.76,1,Good,Good,Fair,Fair,Good,Y,M,M,NA,16,17,20,NA,NA
HS_P3_A11,CA.P3A11.CC,CA839,CA,CA_90,3,1.00E-05,0.971275,0.97,0.028715,-88,17.7,Coastal Cayes,CC,Belize District,13-Jun-18,27.3,26.8,50,NA,839,J,M,8.7,5,3.5,2.1,3.5,3.7,1.9,54.8,26.8,11,4.5,0.4,0,NA,NA,NA,NA,NA,NA,NA,NA,NA,NA,NA,NA,Blood sample and genetalia,NA
HS_P3_A2,HY.P3A2.NRW,HY1351,HY,CM_99,1,1.00E-05,1.00E-05,0,0.99998,-88.5,18.1,New River Watershed,NRW,Orange Walk District,24-Sep-19,30.8,27.9,2,9.1,1351,J,F,13.4,8.1,5.9,4.8,3.2,5.7,2.6,87.5,42,13.8,7.8,1.4,1,Good,Excellent,G,Good,Excellent,Y,A,A,NA,16,18,22,NA,NA
HS_P3_A3,CM.P3A3.NRW,CM9/10A,CM,CM_99,1,1.00E-05,1.00E-05,0,0.99998,-88.5,18.1,New River Watershed,NRW,Orange Walk District,28-Feb-20,27.5,20.4,2,8.2,10-Sep,H,NA,6.2,3,3.4,2,1.3,NA,1.1,39.2,18.7,6.5,3.1,0.12,1,fair,Excellent,Good,good,Good,Y,M,M,NA,16,17,21,NA,NA
HS_P3_A4,CM.P3A4.NRW,CM12/15B,CM,CM_99,1,0.004818,0.005308,0.01,0.989874,-88.6,18.1,New River Watershed,NRW,Orange Walk District,29-Feb-20,27.2,24.5,3,8,12/15B,H,M,6,3,2.3,1.7,1.1,1.8,1.9,39.4,19.4,6.1,3.3,0.12,0,good,Good,Fair,GOOD,Excellent,Y,M,M,NA,16,18,19,NA,NA
HS_P3_A5,HY.P3A5.NRW,HY-H12/13A,HY,CM_99,1,1.00E-05,1.00E-05,0,0.99998,-88.5,18.2,New River Watershed,NRW,Orange Walk District,24-Sep-19,31.1,27,3,8.6,13-Dec,H,F,7.3,4,3.1,2.5,1.6,2.9,1.1,48.4,23.4,8,4.1,0.2,1,Excellent,Excellent,Excellent,Excellent,Excellent,Y,A/M,A,NA,16,17,22,NA,NA
HS_P3_A6,CM.P3A6.CF,CM1040,CM,CM_90,1,0.027616,0.026782,0.05,0.945602,-88.9,16.9,Chiquibul Forest,CF,Cayo District,3-Jan-17,25.5,21.3,5,7.2,1040,A,F,27.6,17.8,NA,NA,11,9.9,6.5,184.8,84.5,41.2,15.7,NA,1,NA,NA,NA,NA,NA,NA,NA,NA,NA,NA,NA,NA,NA,NA
HS_P3_A7,CM.P3A7.CB,CM1192,CM,CM_99,1,1.00E-05,1.00E-05,0,0.99998,-88.3,16.8,Cockscomb Basin,CB,Stann Creek District,12-Dec-20,NA,NA,0,NA,1192,J,F,14.6,8.9,5.8,5,3.1,4.1,2.8,98,49.2,19.7,8.6,2.53,1,GOOD,POOR,GOOD,GOOD,GOOD,Y,NA,M,NA,16,17,16,"""Billy White"" croc",Nubbed claws
HS_P3_A8,CM.P3A8.CB,CM_15B,CM,Hybrid_CM_backcross,1,0.100806,1.00E-05,0.1,0.899184,-88.3,16.8,Cockscomb Basin,CB,Stann Creek District,31-Aug-19,31.9,25.8,4,8.8,15,H,NA,4.4,1.8,1.9,1.7,1,1.2,0.8,29.5,13.9,5,2.1,0.113398,0,GOOD,EXCELLENT,EXCELLENT,EXCELLENT,EXCELLENT,Y,M,A,NA,16,17,19,NA,NA
HS_P3_B1,CM.P3B1.NRW,CM1090,CM,CM_99,1,1.00E-05,1.00E-05,0,0.99998,-88.5,18.1,New River Watershed,NRW,Orange Walk District,28-Feb-20,27.6,22.3,2,8.3,1090,J,NA,10.7,6.2,5.1,3.4,2,2.8,2.3,70.5,33.7,12.5,6,0.72,1,Good,Blue tint,Fair,Good,Good,Y,M,M,NA,16,17,20,NA,NA
HS_P3_B10,CA.P3B10.NC,CA725,CA,CA_90,3,1.00E-05,0.957952,0.96,0.042038,-87.9,18.1,Northern Cayes,NC,Belize District,29-Jul-18,31.7,28.9,17,NA,725,J,M,13.5,8.5,5.9,3.9,2.5,4.5,2.7,89,44.2,16,7.8,0.9,0,NA,NA,NA,NA,NA,NA,NA,NA,NA,NA,NA,NA,Mangrove Shallows,NA
HS_P3_B11,MCA.P3B11.CB,MCA930A,MCA,Hybrid_MCA_backcross,2,0.890035,1.00E-05,0.89,0.109955,-88.4,16.6,Cockscomb Basin,CB,Stann Creek District,13-Jun-17,27,25.7,0,NA,930,J,NA,11.1,6.8,4.9,4.5,2.7,NA,NA,70.1,34.2,12.8,5.5,0.9,0,NA,NA,NA,NA,NA,NA,NA,NA,NA,NA,NA,NA,NA,NA
HS_P3_B2,HY.P3B2.NRW,HY1615,HY,CM_99,1,1.00E-05,1.00E-05,0,0.99998,-88.6,17.9,New River Watershed,NRW,Orange Walk District,9-May-19,29.7,26.9,0,NA,1615,SA,F,19,11.8,7.2,6.4,4.4,5.6,3.3,113,62.5,29,11.8,6.4,1,Good,Great,Fair,Grey/strong,Great,Y,M,A,NA,15,19,20,Para on belly,NA
HS_P3_B3,CM.P3B3.NRW,CM-11/12A,CM,CM_99,1,1.00E-05,1.00E-05,0,0.99998,-88.5,18.1,New River Watershed,NRW,Orange Walk District,28-Feb-20,27.6,22.5,3,8.3,12-Nov,J,NA,10.8,6.3,4.8,3.3,2.4,2.8,2,69.9,34.9,12.5,5.8,0.74,1,Good,Blue tint,Fair,Fair,Good,Y,M,M,NA,16,17,20,NA,NA
HS_P3_B4,HY.P3B4.NRW,HY12/16,HY,CM_99,1,1.00E-05,1.00E-05,0,0.99998,-88.6,18.1,New River Watershed,NRW,Orange Walk District,29-Feb-20,27.2,24.5,3,8,16-Dec,H,M,6.1,3,2.6,1.8,1.3,1.7,1.8,39.6,19.6,6.4,3.2,0.12,0,excellent,Excellent,Good,GOOD,Excellent,Y,A,M,NA,16,18,18,NA,NA
HS_P3_B5,HY.P3B5.NRW,HY_H12_13B,HY,CM_99,1,1.00E-05,1.00E-05,0,0.99998,-88.5,18.2,New River Watershed,NRW,Orange Walk District,24-Sep-19,30.4,28.3,3,8.1,12_13,H,NA,6.6,3,2.6,2,1.3,2.3,1,41.4,19.7,7,3.5,0.16,0,Excellent,Excellent,Excellent,Excellent,EXCELLENT,Y,NA,A,NA,16A,18M,21M,NA,NA
HS_P3_B6,CM.P3B6.NRW,CM1324,CM,CM_90,1,1.00E-05,0.029634,0.03,0.970356,-88.6,18,New River Watershed,NRW,Orange Walk District,22-Nov-19,NA,NA,0,NA,1324,SA,F,20.9,30.2,7.9,6.8,4.6,9.9,4.4,143,72,30,13,NA,0,GOOD,GOOD,GOOD,Good,GOOD,Y,M,M,NA,15,17,19,"Captured from OW savanh and relocated to New River; 981020023291735-981-5, battery died",NA
HS_P3_B7,HY.P3B7.CB,HY699,HY,Hybrid_CM_backcross,1,0.153507,0.153495,0.31,0.692998,-88.4,16.6,Cockscomb Basin,CB,Stann Creek District,25-Oct-20,NA,NA,10,NA,699,SA,F,14,9.5,7.5,4.5,3.3,NA,NA,100.9,49.4,21.4,8.5,3.02,1,Excellent,Excellent,Excellent,Excellent,Excellent,NA,A,A,A,16,18,18,"Captured in Toledo, relocated in Flower Camp by CRC land; NAME: PUPUSA; MICROCHIP: 981020023441306",NA
HS_P3_B8,HY.P3B8.CB,HY1184-GIL,HY,CM_90,1,0.061542,1.00E-05,0.06,0.938448,-88.3,16.6,Cockscomb Basin,CB,Stann Creek District,10-May-20,NA,NA,26,NA,1184,A,M,27.4,18.2,11.5,9,6.9,9,6.2,198.9,102,49,15.8,34,NA,Excellent,Excellent,Excellent,Excellent,Excellent,NA,A,A,A,16,18,18,"Captured in tilapia pond in Toledo, relocated in Placencia Lagoon; MICROCHIP: 981 0200 2320 0669; NAME: GIL",NA
HS_P3_B9,CA.P3B9.NC,CA717,CA,CA_90,3,0.078085,0.921905,1,1.00E-05,-88,17.9,Northern Cayes,NC,Belize District,22-Jul-18,31.5,27.9,30,8.16,717,SA,M,15.4,9.5,6.6,4.3,2.9,3.5,3.1,100,50.3,20.9,8.3,3.6,0,NA,NA,NA,NA,NA,NA,NA,NA,NA,NA,NA,NA,No blood from cuts,NA
HS_P3_C1,CM.P3C1.NRW,CM1091,CM,CM_99,1,1.00E-05,1.00E-05,0,0.99998,-88.5,18.1,New River Watershed,NRW,Orange Walk District,28-Feb-20,28.4,19,3,8.3,1091,SA,M,21.2,13.7,9,6.9,4.9,8.5,4.1,136,67.5,28.7,12.2,23,1,Good,Good,Good,good,Good,Y,M,M,NA,16,18,17,NA,NA
HS_P3_C10,CA.P3C10.NC,CA726,CA,Hybrid_CA_backcross,3,0.160427,0.72898,0.89,0.110592,-87.9,18.1,Northern Cayes,NC,Belize District,29-Jul-18,32.3,27.8,20,NA,726,SA,M,20.8,13.7,8.3,5.5,4.1,6.6,3.7,136,66.5,28,10.9,6.4,0,NA,NA,NA,NA,NA,NA,NA,NA,NA,NA,NA,NA,Mangrove Shallows,NA
HS_P3_C11,MCA.P3C11.STW,MCA931,MCA,MCA_90,2,0.964667,1.00E-05,0.96,0.035323,-88.7,16.4,Southern Toledo Watershed,STW,Toledo District,26-Apr-18,28.5,26.8,5,8.2,931,J,NA,9.5,5.4,4.4,2.7,1.9,3.4,2.3,56.8,28.3,11.1,4.3,0.45,0,NA,NA,NA,NA,NA,NA,NA,NA,NA,NA,NA,NA,NA,NA
HS_P3_C2,HY.P3C2.BRW,HY1900,HY,CM_90,1,0.018407,0.02618,0.04,0.955413,-88.2,17.5,Belize River Watershed,BRW,Belize District,20-Jul-19,29.2,28.2,4,8.4,1900,J,F,10.7,6.6,4.2,3.1,2.1,NA,NA,76.7,35.3,14.9,6.7,1.12,1,NA,EXCELLENT,EXCELLENT,EXCELLENT,EXCELLENT,Y,A,M,2-Apr,15,18,21,Good tail width,Y
HS_P3_C3,CM.P3C3.NRW,CM-11/12B,CM,CM_99,1,1.00E-05,1.00E-05,0,0.99998,-88.6,18,New River Watershed,NRW,Orange Walk District,23-Jan-20,25,21.5,0,8.4,12-Nov,H,NA,5.9,2.8,3.1,1.8,1.3,2.8,0.7,38.6,18.6,6.7,3.5,NA,0,Excellent,Good,Excellent,Excellent,Excellent,Y,M,M,NA,16,17,19,NA,N
HS_P3_C4,HY.P3C4.CB,HY13/15,HY,Hybrid_CM_backcross,1,0.164974,0.045323,0.21,0.789704,-88.4,16.6,Cockscomb Basin,CB,Stann Creek District,25-Jul-19,29,29.3,10,NA,13-15,H,NA,6.5,3.6,2.5,1.9,1.2,NA,NA,40,20.2,6.3,3.2,0.12,1,Fair,FAIR,FAIR,GLASSY FAIR,GOOD,Y,M,A,NA,16,18,16,NA,Y
HS_P3_C5,HY.P3C5.NRW,HY_H2_14_15,HY,CM_99,1,1.00E-05,1.00E-05,0,0.99998,-88.5,18.1,New River Watershed,NRW,Orange Walk District,14-Jan-20,27.1,24,0,NA,14/15,H,NA,5.8,2.8,2.5,1.8,1.2,1,1,38.4,18.6,6.1,3.5,0.12,0,GOOD,Good,Good,Good,Excellent,Y,NA,M,NA,16 A,17,20,NA,NA
HS_P3_C6,CM.P3C6.NRW,CM1643,CM,CM_99,1,1.00E-05,1.00E-05,0,0.99998,-88.6,18,New River Watershed,NRW,Orange Walk District,10-Jul-20,NA,NA,0,NA,1643,SA,M,18.9,12.1,7,5.2,3.8,8,3.4,128,64.1,25,11.1,5.32,0,Excellent,Fair,Good,Excellent,Good,Y,NA,M,M,16,17,20,BSI request on removing crocs in polluted tank. (Name: Pigpen),No wounds. Whitish skin (Tail & limbs)
HS_P3_C7,CM.P3C7.CB,CM1189,CM,Hybrid_CM_backcross,1,0.11339,0.076707,0.19,0.809903,-88.3,16.8,Cockscomb Basin,CB,Stann Creek District,27-Nov-20,24.9,24.8,2,NA,1189,J,F,11.7,7,4.8,3.8,2.4,3.5,2.6,77.5,38.1,15.3,6.2,1.1,1,GOOD,Good,EXCELLENT,EXCELLENT,EXCELLENT,Y,NA,M,M,16,18,17,NA,NA
HS_P3_C8,CM.P3C8.CB,CM1186-TORNILLA,CM,CM_99,1,0.012161,1.00E-05,0.01,0.987829,-88.4,16.6,Cockscomb Basin,CB,Stann Creek District,26-Nov-20,NA,NA,0,NA,1186,SA,F,15.3,9.1,5.9,4.4,3.3,4.6,2.9,101.4,46.8,20,9.3,3.07,0,Good,Fair,Good,Fair,Good,NA,NA,M,M,16,18,18,Gotten from bze city. rehabbed at BWRC for 4 months then released by CRC; Name: Tornilla,NA
HS_P3_C9,CA.P3C9.NC,CA718,CA,CA_99,3,1.00E-05,0.99998,1,1.00E-05,-88,17.9,Northern Cayes,NC,Belize District,22-Jul-18,30.2,29,30,8.17,718,J,M,14.7,8.6,5.7,3.9,3.2,4.3,2.6,89.6,44.8,15.3,8.2,0.9,0,Skinny/ algae on body,NA,NA,NA,NA,NA,NA,NA,NA,NA,NA,NA,NA,NA
HS_P3_D10,CA.P3D10.CC,CA830,CA,CA_90,3,1.00E-05,0.971873,0.97,0.028117,-88,17.8,Coastal Cayes,CC,Belize District,12-Jun-18,29.3,26.8,42,8.6,830,SA,F,16,10,7.5,2,6.2,4.6,3.4,100.5,51.3,22.3,9,5.9,1,NA,NA,NA,NA,NA,NA,NA,NA,NA,NA,NA,NA,Blood sample and genetalia,NA
HS_P3_D11,MCA.P3D11.STW,MCA933,MCA,MCA_99,2,0.99998,1.00E-05,1,1.00E-05,-88.7,16.4,Southern Toledo Watershed,STW,Toledo District,26-Apr-18,28.9,27.2,12,8.3,933,H,M,7.5,3.7,3.4,2.3,1.4,3,1.2,40.3,20.2,7,3.3,NA,0,NA,NA,NA,NA,NA,NA,NA,NA,NA,NA,NA,NA,NA,NA
HS_P3_D2,HY.P3D2.BRW,HY1901,HY,CM_90,1,0.027335,1.00E-05,0.03,0.972655,-88.3,17.5,Belize River Watershed,BRW,Belize District,21-Jul-19,29.6,27.6,4,8.6,1901,J,NA,10.6,5.8,4.1,3.3,2.1,3.6,1.6,73,34.9,13.1,6.2,0.84,1,NA,EXCELLENT,FAIR,GOOD,GOOD,Y,M,A,2-Apr,16,18,20,Excellent tail width,Y
HS_P3_D3,CM.P3D3.NRW,CM-11/13,CM,CM_99,1,1.00E-05,1.00E-05,0,0.99998,-88.6,18.1,New River Watershed,NRW,Orange Walk District,29-Feb-20,27.2,24.5,3,8,13-Nov,H,M,6.1,3.1,2.4,1.9,1.3,1.8,1.4,38.4,18.6,6.1,3.4,0.1,0,excellent,good,Good,GOOD,Excellent,Y,A,M,NA,16,17,20,NA,NA
HS_P3_D4,HY.P3D4.BRW,HY13-1,HY,CM_90,1,0.013096,0.037934,0.05,0.94897,-88.2,17.5,Belize River Watershed,BRW,Belize District,20-Jul-19,28.4,27.4,5,8.4,S:13-1,J,NA,7.9,4.4,4,2.7,1.8,NA,NA,50,23.6,9,4.6,0.3,0,NA,EXCELLENT,EXCELLENT,EXCELLENT,EXCELLENT,Y,A,A,2-Apr,15,18,21,Large crocs on new river were weary,N
HS_P3_D5,HY.P3D5.NRW,HY_H9_10,HY,CM_99,1,1.00E-05,1.00E-05,0,0.99998,-88.5,18,New River Watershed,NRW,Orange Walk District,23-Jan-20,26.3,21.5,3,8.2,9_10,J,NA,9.7,5.4,4.2,2.6,1.8,2.7,1.7,54.8,26.2,9.8,4.9,NA,1,Fair,fair,Fair,Excellent,Good,Y,NA,M,NA,16,18,20,NA,N
HS_P3_D6,CM.P3D6.RHW,CM1096,CM,CM_99,1,1.00E-05,0.011731,0.01,0.988259,-88.6,18.2,Rio Hondo Watershed,RHW,Orange Walk District,6-May-20,NA,NA,0,NA,1096,A,M,24,15.8,11.2,9.1,6.3,8.5,5.6,173,86.8,35.4,15,NA,0,GOOD,GOOD,GOOD,FAIR - GLASSY,GOOD,Y,NA,M,NA,16,17,20,Captured in Orange Walk Town and translocated to douglas rio hondo,Healed puncture on abdomen
HS_P3_D7,CM.P3D7.CB,CM1190,CM,Hybrid_CM_backcross,1,0.084522,0.040034,0.12,0.875444,-88.3,16.8,Cockscomb Basin,CB,Stann Creek District,27-Nov-20,24.9,24.1,2,NA,1190,J,F,10.9,6.3,4.5,3.3,2.3,3,2.5,72,36.4,15,5.6,1.02,1,GOOD,Excellent,EXCELLENT,EXCELLENT,EXCELLENT,Y,M,M,M,16,17,21,NA,NA
HS_P3_D8,HY.P3D8.NA,HY_GILLY,HY,Hybrid_CM_backcross,1,0.054519,0.101424,0.16,0.844057,NA,NA,NA,NA,NA,26-Nov-20,NA,NA,NA,NA,GILLY,A,NA,NA,NA,NA,NA,NA,NA,NA,NA,NA,NA,NA,NA,NA,NA,NA,NA,NA,NA,NA,NA,NA,NA,NA,NA,NA,NA,NA
HS_P3_D9,CA.P3D9.NC,CA719,CA,CA_99,3,1.00E-05,0.99998,1,1.00E-05,-88,17.9,Northern Cayes,NC,Belize District,23-Jul-18,28.9,28.4,46,NA,719,SA,M,14.6,9.2,6.1,3.8,2.7,3.5,2.7,93.6,46.7,18,7.8,1.4,0,NA,NA,NA,NA,NA,NA,NA,NA,NA,NA,NA,NA,Mangrove shallows;Very little bleeding from scute cut,NA
HS_P3_E10,CA.P3E10.CC,CA833,CA,CA_90,3,1.00E-05,0.977902,0.98,0.022088,-88,17.8,Coastal Cayes,CC,Belize District,12-Jun-18,30,26.8,44,8.3,833,A,F,32.6,22,15,6,14.5,10.2,7.2,206.5,114,52.2,13,36.7,1,NA,NA,NA,NA,NA,NA,NA,NA,NA,NA,NA,NA,Blood sample and genetalia,NA
HS_P3_E11,MCA.P3E11.STW,MCA934,MCA,Hybrid_MCA_backcross,2,0.840826,1.00E-05,0.84,0.159164,-88.7,16.4,Southern Toledo Watershed,STW,Toledo District,26-Apr-18,29,25,10,8.3,934,J,NA,12.3,7.1,4.6,3.5,2.3,6,2.1,75.2,35.1,15,5.8,1.8,0,NA,NA,NA,NA,NA,NA,NA,NA,NA,NA,NA,NA,NA,NA
HS_P3_E2,HY.P3E2.BRW,HY1906,HY,CM_90,1,0.006517,0.03061,0.04,0.962873,-88.2,17.5,Belize River Watershed,BRW,Belize District,22-Jul-19,28.7,28,6,8.4,1906,SA,F,16.4,9.7,6,5.1,4.5,6.9,2.9,110.4,54,22,10.9,3.9,1,EXCELLENT,EXCELLENT,EXCELLENT,EXCELLENT,EXCELLENT,Y,A,A,NA,16,19,18,Excellent tail width; 981020023468695-981-5; pos: 4 AND NS: 2,Y
HS_P3_E3,CM.P3E3.NRW,CM12/14A,CM,CM_99,1,1.00E-05,1.00E-05,0,0.99998,-88.6,18.1,New River Watershed,NRW,Orange Walk District,29-Feb-20,27,23.4,2,8.2,12/14A,J,M,8.9,5.1,3.6,2.7,1.8,2.9,1.7,61.6,29.4,10.3,5.4,0.48,1,good,Excellent,Fair,FAIR,Good,Y,M,M,NA,16,18,20,NA,NA
HS_P3_E4,HY.P3E4.BRW,HY13-14-H1,HY,CM_99,1,0.019394,1.00E-05,0.02,0.980596,-88.3,17.5,Belize River Watershed,BRW,Belize District,21-Jul-19,29.7,27.3,3,8.6,13-14-H1,H,NA,7,4,2.4,2.3,1.6,1.9,1.5,44.5,21.4,8.9,3.8,0.22,0,NA,EXCELLENT,EXCELLENT,EXCELLENT,EXCELLENT,Y,M,A,2-Apr,16,18,17,Good tail width,Y
HS_P3_E5,HY.P3E5.CB,HY1161,HY,CM_90,1,0.002451,0.025836,0.03,0.971713,-88.4,16.6,Cockscomb Basin,CB,Stann Creek District,1-Oct-20,NA,NA,35,NA,1161,J,F,10.2,5.9,4,2.8,2,2.9,2,67.5,33.2,13,6.5,0.86,1,Good,Excellent,Good,Excellent,Excellent,NA,H,H,H,15,16A,16M,Name: Hope; Saved from being sold in Flowers bank,NA
HS_P3_E6,CM.P3E6.NA,CM_GPS147_Hatch,CM,Hybrid_CM_backcross,1,0.14417,0.094078,0.24,0.761752,NA,NA,NA,NA,NA,2-Sep-19,NA,NA,NA,NA,NA,H,NA,NA,NA,NA,NA,NA,NA,NA,NA,NA,NA,NA,NA,NA,NA,NA,NA,NA,NA,NA,NA,NA,NA,NA,NA,NA,NA,NA
HS_P3_E7,CM.P3E7.CB,CM1193,CM,Hybrid_CM_backcross,1,0.123417,1.00E-05,0.12,0.876573,-88.3,16.8,Cockscomb Basin,CB,Stann Creek District,2-Oct-21,27.1,25.9,3,NA,1193,J,M,12,7,4.5,3.7,2.7,3,2.2,77,37.7,14.6,6.8,1.1,0,good,NA,fair,good,excellent,Y,NA,M,NA,16,17,19,MICROCHIP: 981020023292805-981,NA
HS_P3_E8,HY.P3E8.NA,HY_SAM,HY,CM_99,1,1.00E-05,1.00E-05,0,0.99998,NA,NA,NA,NA,NA,26-Nov-20,NA,NA,NA,NA,SAM,A,NA,NA,NA,NA,NA,NA,NA,NA,NA,NA,NA,NA,NA,NA,NA,NA,NA,NA,NA,NA,NA,NA,NA,NA,NA,NA,NA,NA
HS_P3_E9,CA.P3E9.NC,CA720,CA,Hybrid_CA_backcross,3,0.108182,0.881507,0.99,0.010311,-87.9,18.2,Northern Cayes,NC,Belize District,26-Jul-18,32,28.5,29,NA,720,SA,M,21.9,14.5,9,6.6,4.7,7.4,3.6,150,87.63,87.63,12.4,NA,1,NA,NA,NA,NA,NA,NA,NA,NA,NA,NA,NA,NA,Mangrove Channel,NA
HS_P3_F10,CA.P3F10.CC,CA834,CA,CA_99,3,1.00E-05,0.99998,1,1.00E-05,-88,17.8,Coastal Cayes,CC,Belize District,12-Jun-18,28.6,25.8,40,8.4,834,A,M,34,21.6,15.7,5.4,12.6,11,8.4,201.5,110.9,52.5,15.2,40.4,1,NA,NA,NA,NA,NA,NA,NA,NA,NA,NA,NA,NA,Blood sample and genetalia,NA
HS_P3_F2,CM.P3F2.NA,CM2919B,CM,CM_90,1,0.082881,1.00E-05,0.08,0.917109,NA,NA,NA,NA,NA,2-Sep-19,NA,NA,NA,NA,NA,NA,NA,NA,NA,NA,NA,NA,NA,NA,NA,NA,NA,NA,NA,NA,NA,NA,NA,NA,NA,NA,NA,NA,NA,NA,NA,NA,NA,NA
HS_P3_F3,CM.P3F3.NRW,CM12/14B,CM,CM_99,1,1.00E-05,1.00E-05,0,0.99998,-88.6,18.1,New River Watershed,NRW,Orange Walk District,29-Feb-20,27,23.3,2,8,12/14B,J,M,8.9,4.9,3.8,2.8,2,2.5,1.6,56.2,28,10.3,5.3,0.4,1,excellent,Excellent,Good,GOOD,Excellent,Y,M,M,NA,16,18,17,NA,NA
HS_P3_F4,HY.P3F4.BRW,HY13-14-H2,HY,CM_99,1,1.00E-05,1.00E-05,0,0.99998,-88.3,17.5,Belize River Watershed,BRW,Belize District,21-Jul-19,29,27.6,4,8.5,13-14-H2,H,NA,7.5,3.9,3.3,2.6,1.4,3.7,1.7,45.6,22.5,8,4,0.22,0,NA,EXCELLENT,EXCELLENT,EXCELLENT,EXCELLENT,Y,A,A,2,17,19,18,Good tail width,Y
HS_P3_F5,HY.P3F5.CB,HY1191,HY,CM_90,1,0.062531,0.016132,0.08,0.921338,-88.3,16.8,Cockscomb Basin,CB,Stann Creek District,26-Jan-21,26.9,24.5,3,NA,1191,SA,M,19.5,12.5,8.5,6,4.4,6.4,4.2,133,64,28.5,13.1,7,0,Excellent,Good,EXCELLENT,GOOD,GOOD,Y,NA,M,NA,16,18,20,taken out from a fish pond in dangriga and relocated in Sittee; microchip: 981020023309330-981,N
HS_P3_F6,CM.P3F6.NTW,CM-#8GREG,CM,CM_99,1,0.015152,1.00E-05,0.02,0.984838,-88.4,16.6,Northern Toledo Watershed,NTW,Toledo District,20-Aug-20,NA,NA,2,NA,8-Greg,SA,M,19.8,12.8,8.8,6.8,4.6,6,5,146,70,33.6,13.5,NA,1,Excellent,EXCELLENT,EXCELLENT,Good,EXCELLENT,Y,NA,Y,Y,16,18,20,"Caught by BWRC in Santa Familia, Cayo and brought down to Sennis River",NA
HS_P3_F7,CM.P3F7.CB,CM1194,CM,CM_90,1,0.081647,0.001434,0.08,0.91692,-88.3,16.8,Cockscomb Basin,CB,Stann Creek District,2-Oct-21,27.2,24.6,4,NA,1194,J,M,10.2,5.6,4,3,2.1,5.6,1.6,65.4,32.1,12,5.6,6.2,0,good,NA,fair,good,excellent,Y,NA,M,NA,16,18,18,NA,NA
HS_P3_F8,CM.P3F8.CB,CM-HATCH-13-77,CM,CM_90,1,0.074851,1.00E-05,0.07,0.925139,-88.3,16.8,Cockscomb Basin,CB,Stann Creek District,27-Nov-20,24.6,24.6,1,NA,HATCH. 13A,H,M,6,3.1,2.2,1.8,1.3,NA,NA,39.5,18.7,7.5,3.4,0.145,0,GOOD,Excellent,EXCELLENT,EXCELLENT,EXCELLENT,Y,M,M,M,16,18,20,NA,NA
HS_P3_G1,HY.P3G1.CB,HY1183B,HY,Hybrid_CM_backcross,1,0.114526,0.023565,0.14,0.861909,-88.4,16.6,Cockscomb Basin,CB,Stann Creek District,3-Mar-20,NA,NA,13.5,8.6,1183,H,M,12,7.1,4.9,3.3,2.4,3.5,2.6,40.4,81,16.8,6.6,1.74,0,Excellent,EXCELLENT,EXCELLENT,Excellent,EXCELLENT,NA,M,M,NA,16,19,21,Captured from Santa Rosa relocated to Flower Camp; 981020023450332; Tortilla,N
HS_P3_G10,CA.P3G10.CC,CA836,CA,CA_99,3,1.00E-05,0.987427,0.99,0.012563,-88,17.7,Coastal Cayes,CC,Belize District,13-Jun-18,27.2,27.1,45,NA,836,SA,M,16,9.9,6.8,2.8,6.5,4.6,3.4,100.1,54.6,23.5,7.2,1.4,0,NA,NA,NA,NA,NA,NA,NA,NA,NA,NA,NA,NA,Blood sample and genetalia,NA
HS_P3_G11,HY.P3G11.NSLW,HY942,HY,Acutus_backcross,3,0.194576,0.552706,0.75,0.252718,-88.3,17.2,N/S Lagoon Watershed,NSLW,Belize District,12-Aug-18,29.2,27.4,0,NA,942,SA,M,21,13.4,8,7.8,5.2,10.5,3,137.2,68.6,11.3,29.1,8.6,1,NA,NA,NA,NA,NA,NA,NA,NA,NA,NA,NA,NA,NA,N
HS_P3_G2,CM.P3G2.CB,CM-H16,CM,Hybrid_CM_backcross,1,0.356912,1.00E-05,0.36,0.643078,-88.4,16.7,Cockscomb Basin,CB,Stann Creek District,28-Jan-21,26.4,25,3,NA,H 16,H,M,7.4,3.9,3,1.9,1.6,1.5,1.9,44.7,22.2,7.9,3.7,0.205,0,good,excellent,good,good,good,NA,NA,M,M,16,18,19,NA,NA
HS_P3_G3,CM.P3G3.NRW,CM12/14C,CM,CM_99,1,1.00E-05,1.00E-05,0,0.99998,-88.6,18.1,New River Watershed,NRW,Orange Walk District,29-Feb-20,27.2,24.5,3,8,12/14C,H,F,6.2,3.2,2.5,1.7,1.2,2.2,1.4,41,20,6.8,3.4,0.14,0,excellent,Good -  injury in chest,Excellent,GOOD,Excellent,Y,M,M,NA,16,17,20,NA,NA
HS_P3_G4,CM.P3G4.NRW,CM-H10/9,CM,CM_99,1,1.00E-05,0.014381,0.01,0.985609,-88.5,18,New River Watershed,NRW,Orange Walk District,23-Jan-20,26.3,21.5,3,8.2,H10/9,J,NA,9.7,5.4,4.2,2.6,1.8,2.7,1.7,54.8,26.2,9.8,4.9,NA,1,Fair,fair,Fair,Excellent,Good,Y,A,M,NA,16,18,20,NA,N
HS_P3_G5,HY.P3G5.CB,HY1183A,HY,CM_90,1,0.069667,1.00E-05,0.07,0.930323,-88.3,17.1,Cockscomb Basin,CB,Stann Creek District,8-Dec-18,28.4,28.4,NA,8.4,1183,J,NA,6.6,3.2,3.8,2.4,2.2,NA,NA,40.6,NA,7.4,3.9,NA,0,NA,NA,NA,NA,NA,Y,NA,NA,Y,NA,NA,NA,NA,NA
HS_P3_G6,CM.P3G6.CB,CM1187,CM,Hybrid_CM_backcross,1,0.116551,1.00E-05,0.12,0.883439,-88.3,16.8,Cockscomb Basin,CB,Stann Creek District,27-Nov-20,24.9,24.8,1,NA,1187,H,M,6.8,3.5,2.4,1.9,1.4,1.5,1.4,45,22.6,8.8,3.7,0.6,0,Excellent,Excellent,EXCELLENT,Good,EXCELLENT,Y,NA,M,NA,16,18,19,NA,NA
HS_P3_G7,CM.P3G7.CB,CM1195,CM,CM_90,1,0.044617,1.00E-05,0.04,0.955373,-88.3,16.8,Cockscomb Basin,CB,Stann Creek District,3-Oct-21,27.1,24.7,3,NA,1195,A,F,28.4,18.4,13.1,11.5,7.5,18.4,6.2,212.5,104.2,52.5,19,NA,1,excellent,NA,excellent,excellent,excellent,Y,NA,M,NA,16,18,19,MICROCHIP:981020023448172-981; SATELLITE TRACKER,NA
HS_P3_G8,CM.P3G8.CB,CM-HATCH78,CM,CM_90,1,0.070241,0.000381,0.07,0.929378,-88.3,16.8,Cockscomb Basin,CB,Stann Creek District,27-Nov-20,24.6,24.6,1,NA,Hatchling 13B,H,M,5.5,2.5,2.4,1.9,1.4,NA,NA,34.7,16.8,6.1,3.1,0.095,0,GOOD,Good,GOOD,Good,Good,Y,M,M,M,16,18,17,NA,NA
HS_P3_G9,CA.P3G9.NC,CA722,CA,CA_90,3,0.044616,0.937767,0.98,0.017617,-87.9,18.2,Northern Cayes,NC,Belize District,27-Jul-18,31.3,28.7,35,NA,722,A,M,29.3,19.8,12.4,8,5.8,9,4.6,208.2,104.5,48,15.7,NA,0,NA,NA,NA,NA,NA,NA,NA,NA,NA,NA,NA,NA,Mangrove,"Bite wound, L. hind leg"
HS_P3_H10,CA.P3H10.CC,CA837,CA,CA_90,3,1.00E-05,0.976498,0.98,0.023492,-88,17.7,Coastal Cayes,CC,Belize District,13-Jun-18,28.4,27,45,NA,837,SA,M,14,9.5,7.5,3,5.7,3.8,2.7,91.5,45.9,18.3,7.9,2.3,0,NA,NA,NA,NA,NA,NA,NA,NA,NA,NA,NA,NA,Blood sample and genetalia,NA
HS_P3_H11,HY.P3H11.NSLW,HY943,HY,Acutus_backcross,2,0.546587,0.242129,0.79,0.211284,-88.3,17.2,N/S Lagoon Watershed,NSLW,Belize District,13-Aug-18,30.7,28.2,7,NA,943,SA,M,16.2,10,5,4.9,3.9,5.2,2.5,99.3,48.7,20.3,8.9,3.6,1,NA,NA,NA,NA,NA,NA,NA,NA,NA,NA,NA,NA,NA,N
HS_P3_H2,CM.P3H2.NRW,CM12/11,CM,Hybrid_CM_backcross,1,0.040917,0.069834,0.11,0.889249,-88.6,17.9,New River Watershed,NRW,Orange Walk District,23-Sep-19,32.1,27.4,1,9.1,11-Dec,H,NA,5,2.1,2.3,1.7,1.2,1.3,0.8,31.5,15.3,5.1,3.9,0.06,0,NA,Excellent,Good,Excellent,Excellent,N,M,A,NA,16,16,21,little skinny,NA
HS_P3_H3,CM.P3H3.NRW,CM12/15A,CM,CM_99,1,1.00E-05,1.00E-05,0,0.99998,-88.6,18.1,New River Watershed,NRW,Orange Walk District,29-Feb-20,27.2,22.5,2,8,12/15A,J,M,8.5,5,3.4,2.6,1.7,2.9,1.6,54.2,26,9,4.9,0.36,1,excellent,Excellent,Excellent,GOOD,Excellent,Y,A,M,NA,16,18,20,NA,NA
HS_P3_H4,HY.P3H4.NRW,HY_H1_14_15,HY,CM_99,1,1.00E-05,1.00E-05,0,0.99998,-88.5,18.1,New River Watershed,NRW,Orange Walk District,14-Jan-20,26.4,26.4,0,8.4,14/15,H,NA,5.8,2.8,2.5,2,1.3,1.8,1.1,39.3,18.4,6.4,3.3,0.12,0,GOOD,Excellent,GOOD,Good,Excellent,y,NA,NA,M,16 M,18 M,18M,NA,NA
HS_P3_H5,HY.P3H5.BRW,HY978,HY,CM_90,1,1.00E-05,0.027224,0.03,0.972766,-88.4,16.6,Belize River Watershed,BRW,Belize District,14-Oct-20,NA,NA,1,NA,978,SA,M,17.2,10.4,6.6,5.6,3.9,4.9,3.9,116.5,55.5,24.5,9.6,4.79,1,Good,GOOD,GOOD,GOOD,GOOD,NA,NA,NA,M,16,18,20,Name: Lee; Captured in ladyville Parrot st and relocated in placencia lagoon,N
HS_P3_H6,HY.P3H6.CB,HY901,HY,Hybrid_CM_backcross,1,0.027612,0.125528,0.15,0.84686,-88.4,16.6,Cockscomb Basin,CB,Stann Creek District,17-Jun-20,NA,NA,0,NA,901,SA,M,18.1,12,7.2,5.8,3.8,6,3.5,128,61.4,26.3,11,10.2,0,26.3/ Excellent,Good,Good,Good,Good,Y,A,A,A,16,18,20,Was picked up at Bze city and brought to placencia lagoon; NAME: Jimjanjay,Minor Scrapes
HS_P3_H8,HY.P3H8.CB,HY_HATCH_15_79,HY,Hybrid_CM_backcross,1,0.377373,1.00E-05,0.38,0.622617,-88.4,16.7,Cockscomb Basin,CB,Stann Creek District,28-Jan-21,26.4,25,3,NA,H 15,H,M,7.7,4,3.1,2,1.5,2.1,1.6,48,24.6,8.9,4.4,0.26,0,good,excellent,good,good,good,NA,NA,M,M,16,18,19,NA,NA
HS_P3_H9,CA.P3H9.NC,CA723,CA,CA_90,3,0.068368,0.931622,1,1.00E-05,-87.8,18.1,Northern Cayes,NC,Belize District,28-Jul-18,31.7,28.7,33,NA,723,A,F,35.2,25.8,14.1,10.5,7.5,10,5.9,219.2,110.3,50.3,19.8,NA,0,NA,NA,NA,NA,NA,NA,NA,NA,NA,NA,NA,NA,"Coagulated thick, dark blood; Mangrove Shallows",NA
HS_P4_A2,HY.P4A2.CB,HY1184,HY,Hybrid_CM_backcross,1,0.260526,1.00E-05,0.26,0.739464,-88.4,16.6,Cockscomb Basin,CB,Stann Creek District,20-Feb-19,NA,NA,4,NA,1184,SA,M,15,9.2,6.6,5,3.7,5.5,2.6,96.8,49.5,21,9,2.94,1,NA,NA,NA,NA,NA,NA,NA,NA,NA,NA,NA,NA,FIESTY,NA
HS_P4_B1,CA.P4B1.CC,CA828a,CA,CA_90,3,0.080698,0.919292,1,1.00E-05,-88,17.7,Coastal Cayes,CC,Belize District,11-Jun-18,29.1,27,39,8.6,828,SA,F,17,11.5,7.5,3.5,7.5,5.5,4,119.2,62.4,26.5,8.5,9.1,1,NA,NA,NA,NA,NA,NA,NA,NA,NA,NA,NA,NA,Blood sample and genetalia,NA
HS_P4_B2,CM.P4B2.NA,CM1175,CM,Hybrid_CM_backcross,1,0.063859,0.039998,0.1,0.896143,NA,NA,NA,NA,NA,29-Mar-18,NA,NA,NA,NA,1175,NA,NA,NA,NA,NA,NA,NA,NA,NA,NA,NA,NA,NA,NA,NA,NA,NA,NA,NA,NA,NA,NA,NA,NA,NA,NA,NA,NA,NA
HS_P4_C1,MCA.P4C1.STW,MCA940,MCA,MCA_99,2,0.99998,1.00E-05,1,1.00E-05,-88.7,16.3,Southern Toledo Watershed,STW,Toledo District,26-Apr-18,29.4,26.6,15,8.1,940,J,NA,11.4,6.7,1.7,3,2,4,2.1,51.1,30.2,9.6,4.6,0.45,0,NA,NA,NA,NA,NA,NA,NA,NA,NA,NA,NA,NA,Not possible to do 938 because missing whole extremal part of tail,"Missing tip of the tail, brown discolored teeth"
HS_P4_D1,CM.P4D1.NSLW,CM-Hatch,CM,F1_Hybrid,1,0.366874,0.185688,0.55,0.447438,-88.3,17.3,N/S Lagoon Watershed,NSLW,Belize District,11-Aug-18,30,28.5,0,NA,11,H,NA,5.4,3.2,3.2,1.8,1.2,NA,NA,33.1,16.6,NA,NA,NA,0,NA,NA,NA,NA,NA,NA,NA,NA,NA,NA,NA,NA,NA,N
HS_P4_E1,CM.P4E1.CB,CM1179,CM,CM_90,1,0.079271,1.00E-05,0.08,0.920719,-88.3,16.8,Cockscomb Basin,CB,Stann Creek District,3-Jul-18,30.2,28.2,0,7.03,1179,H,M,7.1,4.1,3.6,2.3,1.8,NA,NA,42.8,20.8,7.2,4.4,<0.5,0,NA,NA,NA,NA,NA,NA,NA,NA,NA,NA,NA,NA,Too small for blood,N
HS_P4_E2,HY.P4E2.CB,HY1175a,HY,CM_90,1,0.050523,0.046669,0.1,0.902808,-88.4,16.6,Cockscomb Basin,CB,Stann Creek District,21-Apr-18,30.5,28.1,34,7.9,1175,J,NA,13,7.3,5.2,3.5,2.7,5.5,2.8,89,43,19,7,4.5,1,NA,NA,NA,NA,NA,NA,NA,NA,NA,NA,NA,NA,Ranger,N
HS_P4_G1,CM.P4G1.CB,CM1182,CM,Hybrid_CM_backcross,1,0.038567,0.067789,0.11,0.893644,-88.3,16.8,Cockscomb Basin,CB,Stann Creek District,3-Jul-18,30.2,25,0,6.95,1182,J,M,9.5,5.5,4.6,3.3,2.9,4.2,1.8,62.4,28.9,10,5.4,0.9,0,NA,NA,NA,NA,NA,NA,NA,NA,NA,NA,NA,NA,Vocalized and larger croc 20m away called back,N
HS_P4_G2,MCA.P4G2.CB,MCA941,MCA,CA_99,3,1.00E-05,0.99998,1,1.00E-05,-88.4,16.6,Cockscomb Basin,CB,Stann Creek District,1-Jul-18,31.7,29,5,7.56,941,J,M,10.2,5.6,4.8,3,2.3,3.9,1.6,58,30,12,4.6,NA,0,excellent,NA,NA,NA,NA,NA,NA,NA,NA,NA,NA,NA,NA,scute 3.7
HS_PC_10,CA.PC10.NC,CA705,CA,CA_99,3,1.00E-05,0.99998,1,1.00E-05,-88,17.9,Northern Cayes,NC,Belize District,18-Jul-18,27.8,28.6,38,7.84,705,J,M,13.2,7.8,5.4,3.3,2.7,3.3,2.6,80.5,40.6,15.4,6.8,0.9,1,NA,NA,NA,NA,NA,NA,NA,NA,NA,NA,NA,NA,NA,NA
HS_PC_11,CA.PC11.NC,CA710,CA,CA_99,3,1.00E-05,0.99998,1,1.00E-05,-88,17.9,Northern Cayes,NC,Belize District,20-Jul-18,30.7,29,28,7.92,710,A,M,40.5,28.5,14.8,14.4,8.2,17,5.3,264.5,131.2,65.5,20.2,NA,1,NA,NA,NA,NA,NA,NA,NA,NA,NA,NA,NA,NA,NA,Sore on left foot
HS_PC_12,CA.PC12.NC,CA843,CA,CA_99,3,1.00E-05,0.99998,1,1.00E-05,-87.8,18.1,Northern Cayes,NC,Belize District,28-Jul-18,30.3,28,35,NA,843,A,F,32.3,23.1,12.6,9.4,6.4,10.2,5.2,201.1,105.2,45.5,15.1,31.8,1,NA,NA,NA,NA,NA,NA,NA,NA,NA,NA,NA,NA,Scute #800 very flat but unclear if it is a cut. Decided to clip to #843,"Missing 3rd toe on right front foot, bullet wound in right hind leg."
HS_PC_14,CA.PC14.CC,CA826,CA,CA_99,3,1.00E-05,0.99998,1,1.00E-05,-88,17.7,Coastal Cayes,CC,Belize District,11-Jun-18,30.2,27.8,42,8.1,826,SA,F,21,13.5,8.5,2.2,6.5,6,5,137,NA,31,12.5,6.8,0,NA,NA,NA,NA,NA,NA,NA,NA,NA,NA,NA,NA,Blood sample and genetalia,NA
HS_PC_15,CA.PC15.CC,CA841,CA,CA_99,3,1.00E-05,0.99998,1,1.00E-05,-88,17.8,Coastal Cayes,CC,Belize District,14-Jun-18,28,27.9,40,NA,841,J,M,8.2,5.1,3.4,2.1,4,2.9,2,51,25.6,9.4,4.3,0.5,0,NA,NA,NA,NA,NA,NA,NA,NA,NA,NA,NA,NA,Blood sample and genetalia,NA
HS_PC_16,CA.PC16.CC,CA971,CA,CA_99,3,1.00E-05,0.99998,1,1.00E-05,-88,17.8,Coastal Cayes,CC,Belize District,10-Sep-17,31.8,28.7,25,NA,971,SA,F,22.8,14.5,8.5,6.3,5.1,6.5,3,153,74,34,12.3,31,1,NA,NA,NA,NA,NA,NA,NA,NA,NA,NA,NA,NA,NA,N
HS_PC_2,CM.PC2.CF,CM1041,CM,CM_90,1,0.013664,0.051453,0.07,0.934883,-88.9,16.9,Chiquibul Forest,CF,Cayo District,3-Jan-17,27.6,20.9,5,7.2,1041,A,M,29,19.2,NA,NA,11.2,9.8,6.5,202,91.8,44.5,16.5,NA,1,NA,NA,NA,NA,NA,NA,NA,NA,NA,NA,NA,NA,NA,NA
HS_PC_3,CM.PC3.CF,CM1047,CM,Hybrid_CM_backcross,1,0.027612,0.079909,0.11,0.892479,-88.9,16.8,Chiquibul Forest,CF,Cayo District,6-Sep-17,23.9,23.3,5,9,1047,H,M,NA,NA,NA,NA,NA,NA,NA,48,28,NA,NA,NA,0,NA,NA,NA,NA,NA,NA,NA,NA,NA,NA,NA,NA,NA,NA
HS_PC_4,CM.PC4.CF,CM1049,CM,Hybrid_CM_backcross,1,0.039184,0.063087,0.1,0.897729,-88.9,16.8,Chiquibul Forest,CF,Cayo District,6-Oct-17,27.2,24,4,9.6,1049,SA,F,19,11.8,NA,NA,8.5,6,4,133.6,65,29.8,11.3,NA,1,NA,NA,NA,NA,NA,NA,NA,NA,NA,NA,NA,NA,NA,NA
HS_PC_5,CM.PC5.CF,CM1050,CM,CM_90,1,0.02853,0.033726,0.06,0.937744,-88.9,16.9,Chiquibul Forest,CF,Cayo District,6-Oct-17,21.7,22,5,8.9,1050,SA,F,16.8,16.2,NA,NA,6.5,5.4,3.7,118.7,59.2,26.3,9.4,NA,1,NA,NA,NA,NA,NA,NA,NA,NA,NA,NA,NA,NA,NA,NA
HS_PC_6,CM.PC6.NRW,CM1611B,CM,CM_99,1,0.008471,1.00E-05,0.01,0.991519,-88.7,17.6,New River Watershed,NRW,Orange Walk District,12-Jul-18,29.6,23.5,0,7.39,1611,A,M,28,18.3,12.4,10.2,6.8,12.5,3,199.8,93.7,44.5,15.1,NA,1,NA,NA,NA,NA,NA,NA,NA,NA,NA,NA,NA,NA,NA,Scar on tail
HS_PC_7,CM.PC7.NRW,CM1613,CM,CM_99,1,1.00E-05,1.00E-05,0,0.99998,-88.7,17.6,New River Watershed,NRW,Orange Walk District,15-Jul-18,30.2,26.1,0,7.55,1613,A,M,35.6,22.8,16.2,16.2,8.1,12.2,5.2,257.7,126,57.9,20.5,NA,0,NA,NA,NA,NA,NA,NA,NA,NA,NA,NA,NA,NA,NA,Bite marks on tail and back
HS_PC_8,CM.PC8.NRW,CM1620,CM,CM_99,1,1.00E-05,0.001246,0,0.998744,-88.7,17.6,New River Watershed,NRW,Orange Walk District,12-Jul-18,30.3,26.2,0,7.45,1620,SA,M,27.4,18.2,11.5,10,6.3,12,4.1,140.5,89.5,41.5,15.4,NA,0,NA,NA,NA,NA,NA,NA,NA,NA,NA,NA,NA,NA,NA,Missing all single row of tail
HS_PC_9,CA.PC9.NC,CA721B,CA,CA_99,3,1.00E-05,0.99998,1,1.00E-05,-87.8,18.1,Northern Cayes,NC,Belize District,27-Jul-18,31.7,29.2,32,NA,721,A,M,41.1,26.9,17,14,10,18.5,6,276.5,143,64,24,NA,1,NA,NA,NA,NA,NA,NA,NA,NA,NA,NA,NA,NA,Mangrove Shallows,"2 gunshot wounds, right tail"